section,set,number_in_set,question,answer
BI SLE Vocabulary,BI SLE Vocabulary - Set 1,1,alat,tool
BI SLE Vocabulary,BI SLE Vocabulary - Set 1,2,andal,"superior, reliable"
BI SLE Vocabulary,BI SLE Vocabulary - Set 1,3,angka,"digit, numerical number"
BI SLE Vocabulary,BI SLE Vocabulary - Set 1,4,bahan,"ingredient, material"
BI SLE Vocabulary,BI SLE Vocabulary - Set 1,5,bahkan,"and even more than that, moreover, in fact"
BI SLE Vocabulary,BI SLE Vocabulary - Set 1,6,baik ... maupun ...,"... as well as ..., neither ... nor ..., either ... or ..."
BI SLE Vocabulary,BI SLE Vocabulary - Set 1,7,berguna,useful
BI SLE Vocabulary,BI SLE Vocabulary - Set 1,8,berhasil,successful
BI SLE Vocabulary,BI SLE Vocabulary - Set 1,9,berkembang,"developing, growing"
BI SLE Vocabulary,BI SLE Vocabulary - Set 1,10,berkreasi,to produce a creation
BI SLE Vocabulary,BI SLE Vocabulary - Set 1,11,berpisah,to separate from one another
BI SLE Vocabulary,BI SLE Vocabulary - Set 1,12,berpusat,"centered, to be centralized"
BI SLE Vocabulary,BI SLE Vocabulary - Set 1,13,bersekolah,to attend school (i.e. to be enrolled as student at such-and-such a school)
BI SLE Vocabulary,BI SLE Vocabulary - Set 1,14,bertahap,"to have stages/steps, gradual"
BI SLE Vocabulary,BI SLE Vocabulary - Set 1,15,bidang,field of study
BI SLE Vocabulary,BI SLE Vocabulary - Set 1,16,budaya,culture
BI SLE Vocabulary,BI SLE Vocabulary - Set 1,17,"capai, mencapai","to reach, to achieve"
BI SLE Vocabulary,BI SLE Vocabulary - Set 1,18,"cari, mencari","to seek, to look for"
BI SLE Vocabulary,BI SLE Vocabulary - Set 1,19,"dapat, mendapat","to obtain, to get"
BI SLE Vocabulary,BI SLE Vocabulary - Set 1,20,demikian,"thus, like that, so"
BI SLE Vocabulary,BI SLE Vocabulary - Set 1,21,diakses,to be accessed
BI SLE Vocabulary,BI SLE Vocabulary - Set 1,22,dibandingkan,to be compared
BI SLE Vocabulary,BI SLE Vocabulary - Set 1,23,dibuat,to be made
BI SLE Vocabulary,BI SLE Vocabulary - Set 1,24,"dibutuhkan, diperlukan","to be needed, to be required"
BI SLE Vocabulary,BI SLE Vocabulary - Set 1,25,digunakan,to be used
BI SLE Vocabulary,BI SLE Vocabulary - Set 1,26,dimanfaatkan,"to be utilized, to be made use of"
BI SLE Vocabulary,BI SLE Vocabulary - Set 1,27,dipastikan,to be confirmed
BI SLE Vocabulary,BI SLE Vocabulary - Set 1,28,diperkirakan,to be estimated
BI SLE Vocabulary,BI SLE Vocabulary - Set 1,29,dirasakan,to be felt
BI SLE Vocabulary,BI SLE Vocabulary - Set 1,30,diri,self
BI SLE Vocabulary,BI SLE Vocabulary - Set 1,31,"gelar, menggelar","to roll out, to hold/conduct (an event)"
BI SLE Vocabulary,BI SLE Vocabulary - Set 1,32,jaringan,"network, web"
BI SLE Vocabulary,BI SLE Vocabulary - Set 1,33,jejaring,network
BI SLE Vocabulary,BI SLE Vocabulary - Set 1,34,jurnalistik,journalism
BI SLE Vocabulary,BI SLE Vocabulary - Set 1,35,kedutaan besar,embassy
BI SLE Vocabulary,BI SLE Vocabulary - Set 1,36,kegunaan,usefullness
BI SLE Vocabulary,BI SLE Vocabulary - Set 1,37,kehadiran,"presence, attendance"
BI SLE Vocabulary,BI SLE Vocabulary - Set 1,38,kekurangan,deficiency; lacking of
BI SLE Vocabulary,BI SLE Vocabulary - Set 1,39,kelebihan,advantages; excess
BI SLE Vocabulary,BI SLE Vocabulary - Set 1,40,kepastian,certainty
BI SLE Vocabulary,BI SLE Vocabulary - Set 1,41,kesempatan,"chance, opportunity"
BI SLE Vocabulary,BI SLE Vocabulary - Set 1,42,kesenian,art
BI SLE Vocabulary,BI SLE Vocabulary - Set 1,43,kesulitan,trouble
BI SLE Vocabulary,BI SLE Vocabulary - Set 1,44,keuntungan,"advantage, profit, benefit"
BI SLE Vocabulary,BI SLE Vocabulary - Set 1,45,khas,typical
BI SLE Vocabulary,BI SLE Vocabulary - Set 1,46,kuat,strong
BI SLE Vocabulary,BI SLE Vocabulary - Set 1,47,langsung,direct
BI SLE Vocabulary,BI SLE Vocabulary - Set 1,48,layanan,service
BI SLE Vocabulary,BI SLE Vocabulary - Set 1,49,ledakan,explosion
BI SLE Vocabulary,BI SLE Vocabulary - Set 1,50,lingkungan,environment
BI SLE Vocabulary,BI SLE Vocabulary - Set 1,51,manca negara,foreign countries
BI SLE Vocabulary,BI SLE Vocabulary - Set 1,52,melalui,through
BI SLE Vocabulary,BI SLE Vocabulary - Set 1,53,melampaui,goes beyond
BI SLE Vocabulary,BI SLE Vocabulary - Set 1,54,memanfaatkan,"to make use of, to utilize"
BI SLE Vocabulary,BI SLE Vocabulary - Set 1,55,memang,indeed
BI SLE Vocabulary,BI SLE Vocabulary - Set 1,56,memasang,"to set up, to install"
BI SLE Vocabulary,BI SLE Vocabulary - Set 1,57,memastikan,to ensure
BI SLE Vocabulary,BI SLE Vocabulary - Set 1,58,"membutuhkan, memerlukan",to need
BI SLE Vocabulary,BI SLE Vocabulary - Set 1,59,memisahkan,"to separate something, to disunite"
BI SLE Vocabulary,BI SLE Vocabulary - Set 1,60,memperkenalkan,to introduce
BI SLE Vocabulary,BI SLE Vocabulary - Set 1,61,memperluas,"to widen, to expand"
BI SLE Vocabulary,BI SLE Vocabulary - Set 1,62,memungkinkan,"to enable, to make possible"
BI SLE Vocabulary,BI SLE Vocabulary - Set 1,63,menandatangani,"to sign on, to put a signature on"
BI SLE Vocabulary,BI SLE Vocabulary - Set 1,64,menempati,to reside
BI SLE Vocabulary,BI SLE Vocabulary - Set 1,65,mengadakan,to hold/conduct (an event)
BI SLE Vocabulary,BI SLE Vocabulary - Set 1,66,mengakses,to access
BI SLE Vocabulary,BI SLE Vocabulary - Set 1,67,mengantisipasi,to anticipate
BI SLE Vocabulary,BI SLE Vocabulary - Set 1,68,mengembangkan,to develop something
BI SLE Vocabulary,BI SLE Vocabulary - Set 1,69,menggunakan,to use something
BI SLE Vocabulary,BI SLE Vocabulary - Set 1,70,mengirimkan,to send to someone
BI SLE Vocabulary,BI SLE Vocabulary - Set 1,71,menjelaskan,to explain
BI SLE Vocabulary,BI SLE Vocabulary - Set 1,72,menteri,minister
BI SLE Vocabulary,BI SLE Vocabulary - Set 1,73,menyediakan,to provide
BI SLE Vocabulary,BI SLE Vocabulary - Set 1,74,meroket,to skyrockete
BI SLE Vocabulary,BI SLE Vocabulary - Set 1,75,mudah,easy
BI SLE Vocabulary,BI SLE Vocabulary - Set 1,76,pelajaran,lesson
BI SLE Vocabulary,BI SLE Vocabulary - Set 1,77,pemanfaatan,utilization
BI SLE Vocabulary,BI SLE Vocabulary - Set 1,78,pembangunan,the construction of
BI SLE Vocabulary,BI SLE Vocabulary - Set 1,79,pembelajaran,learning
BI SLE Vocabulary,BI SLE Vocabulary - Set 1,80,pendapat,opinion
BI SLE Vocabulary,BI SLE Vocabulary - Set 1,81,pendidikan,education
BI SLE Vocabulary,BI SLE Vocabulary - Set 1,82,pendukung,supporter
BI SLE Vocabulary,BI SLE Vocabulary - Set 1,83,penelitian,research
BI SLE Vocabulary,BI SLE Vocabulary - Set 1,84,pengaruh,influence
BI SLE Vocabulary,BI SLE Vocabulary - Set 1,85,pengguna,user
BI SLE Vocabulary,BI SLE Vocabulary - Set 1,86,penggunaan,the act/process of using
BI SLE Vocabulary,BI SLE Vocabulary - Set 1,87,penghargaan,"appreciation, award"
BI SLE Vocabulary,BI SLE Vocabulary - Set 1,88,penyedia,provider
BI SLE Vocabulary,BI SLE Vocabulary - Set 1,89,peran,role
BI SLE Vocabulary,BI SLE Vocabulary - Set 1,90,perguruan tinggi,tertiary institution
BI SLE Vocabulary,BI SLE Vocabulary - Set 1,91,peringkat,"ranking, rank"
BI SLE Vocabulary,BI SLE Vocabulary - Set 1,92,pertumbuhan,growth
BI SLE Vocabulary,BI SLE Vocabulary - Set 1,93,pihak,"party, side"
BI SLE Vocabulary,BI SLE Vocabulary - Set 1,94,pusat perbelanjaan,shopping center
BI SLE Vocabulary,BI SLE Vocabulary - Set 1,95,rapat,a meeting (particularly an organised meeting of a committee or the like)
BI SLE Vocabulary,BI SLE Vocabulary - Set 1,96,sarana,"means, tool, medium"
BI SLE Vocabulary,BI SLE Vocabulary - Set 1,97,"sekolah dasar, SD",elementary school
BI SLE Vocabulary,BI SLE Vocabulary - Set 1,98,seluruh,entire
BI SLE Vocabulary,BI SLE Vocabulary - Set 1,99,semakin,"more and more, increasingly"
BI SLE Vocabulary,BI SLE Vocabulary - Set 1,100,serat,fiber
BI SLE Vocabulary,BI SLE Vocabulary - Set 1,101,sumber,source
BI SLE Vocabulary,BI SLE Vocabulary - Set 1,102,terpisah,is separated
BI SLE Vocabulary,BI SLE Vocabulary - Set 1,103,tertarik,interested
BI SLE Vocabulary,BI SLE Vocabulary - Set 1,104,tertentu,certain
BI SLE Vocabulary,BI SLE Vocabulary - Set 1,105,usia dini,early age
BI SLE Vocabulary,BI SLE Vocabulary - Set 1,106,walaupun,"although, even though"
BI SLE Vocabulary,BI SLE Vocabulary - Set 1,107,wali kota,mayor
BI SLE Vocabulary,BI SLE Vocabulary - Set 2,1,acara,"event, program; engagement, something to do"
BI SLE Vocabulary,BI SLE Vocabulary - Set 2,2,alam,nature
BI SLE Vocabulary,BI SLE Vocabulary - Set 2,3,bantuan,"aid, assistance, help"
BI SLE Vocabulary,BI SLE Vocabulary - Set 2,4,bencana,"disaster, calamity"
BI SLE Vocabulary,BI SLE Vocabulary - Set 2,5,"berantas, memberantas",to eradicate
BI SLE Vocabulary,BI SLE Vocabulary - Set 2,6,berencana,to have a plan
BI SLE Vocabulary,BI SLE Vocabulary - Set 2,7,berharap,to hope
BI SLE Vocabulary,BI SLE Vocabulary - Set 2,8,berkumpul,"to get together, to gather"
BI SLE Vocabulary,BI SLE Vocabulary - Set 2,9,bermacam-macam,many kinds of
BI SLE Vocabulary,BI SLE Vocabulary - Set 2,10,bermanfaat,"useful, beneficial"
BI SLE Vocabulary,BI SLE Vocabulary - Set 2,11,berperan,to play a role
BI SLE Vocabulary,BI SLE Vocabulary - Set 2,12,beruntung,"lucky, fortunate"
BI SLE Vocabulary,BI SLE Vocabulary - Set 2,13,buatan,made in; artificial
BI SLE Vocabulary,BI SLE Vocabulary - Set 2,14,bukti,"proof, evidence"
BI SLE Vocabulary,BI SLE Vocabulary - Set 2,15,buta,blind
BI SLE Vocabulary,BI SLE Vocabulary - Set 2,16,"cegah, mencegah","to prevent, to avoid"
BI SLE Vocabulary,BI SLE Vocabulary - Set 2,17,daftar,list
BI SLE Vocabulary,BI SLE Vocabulary - Set 2,18,didorong,to be pushed; to be encouraged
BI SLE Vocabulary,BI SLE Vocabulary - Set 2,19,ditingkatkan,"to be improved, to be increased"
BI SLE Vocabulary,BI SLE Vocabulary - Set 2,20,ekonomi,economy
BI SLE Vocabulary,BI SLE Vocabulary - Set 2,21,gambut,peatland
BI SLE Vocabulary,BI SLE Vocabulary - Set 2,22,gemar,fond of
BI SLE Vocabulary,BI SLE Vocabulary - Set 2,23,huruf,alphabet letter
BI SLE Vocabulary,BI SLE Vocabulary - Set 2,24,ilegal,illegal
BI SLE Vocabulary,BI SLE Vocabulary - Set 2,25,jadwal,schedule
BI SLE Vocabulary,BI SLE Vocabulary - Set 2,26,kebakaran,a fire (the event of a fire)
BI SLE Vocabulary,BI SLE Vocabulary - Set 2,27,kebiasaan,habit
BI SLE Vocabulary,BI SLE Vocabulary - Set 2,28,kemampuan,"ability, capability"
BI SLE Vocabulary,BI SLE Vocabulary - Set 2,29,kemerdekaan,independence
BI SLE Vocabulary,BI SLE Vocabulary - Set 2,30,kepribadian,personality
BI SLE Vocabulary,BI SLE Vocabulary - Set 2,31,ketat,"strict, tight"
BI SLE Vocabulary,BI SLE Vocabulary - Set 2,32,keunggulan,excellence
BI SLE Vocabulary,BI SLE Vocabulary - Set 2,33,khusus,special
BI SLE Vocabulary,BI SLE Vocabulary - Set 2,34,kimia,chemistry
BI SLE Vocabulary,BI SLE Vocabulary - Set 2,35,korban,"victim, casualty"
BI SLE Vocabulary,BI SLE Vocabulary - Set 2,36,lahan,"land, terrain"
BI SLE Vocabulary,BI SLE Vocabulary - Set 2,37,"LANUD, Pangkalan TNI Angkatan Udara",Indonesian Air Force Base
BI SLE Vocabulary,BI SLE Vocabulary - Set 2,38,liter,liter
BI SLE Vocabulary,BI SLE Vocabulary - Set 2,39,mampu,"to afford, to be able to"
BI SLE Vocabulary,BI SLE Vocabulary - Set 2,40,melibatkan,to involve
BI SLE Vocabulary,BI SLE Vocabulary - Set 2,41,mempercepat,to speed up
BI SLE Vocabulary,BI SLE Vocabulary - Set 2,42,memuat,"to load, to contain, to accomodate"
BI SLE Vocabulary,BI SLE Vocabulary - Set 2,43,mencanangkan,"to declare, to proclaim, to announce"
BI SLE Vocabulary,BI SLE Vocabulary - Set 2,44,mengatasi,to overcome
BI SLE Vocabulary,BI SLE Vocabulary - Set 2,45,mengatur,"to organize, to arrange"
BI SLE Vocabulary,BI SLE Vocabulary - Set 2,46,menghadapi,to face
BI SLE Vocabulary,BI SLE Vocabulary - Set 2,47,mengumpulkan,to collect
BI SLE Vocabulary,BI SLE Vocabulary - Set 2,48,mengunjungi,to visit (as a transitive verb)
BI SLE Vocabulary,BI SLE Vocabulary - Set 2,49,meningkatkan,"to improve, to increase"
BI SLE Vocabulary,BI SLE Vocabulary - Set 2,50,minat,interest
BI SLE Vocabulary,BI SLE Vocabulary - Set 2,51,multifungsi,multifunction
BI SLE Vocabulary,BI SLE Vocabulary - Set 2,52,mutu,quality
BI SLE Vocabulary,BI SLE Vocabulary - Set 2,53,"Namun, Akan tetapi","However,"
BI SLE Vocabulary,BI SLE Vocabulary - Set 2,54,nonformal,non-formal
BI SLE Vocabulary,BI SLE Vocabulary - Set 2,55,otomatis,automatic
BI SLE Vocabulary,BI SLE Vocabulary - Set 2,56,palsu,"fake, imitation"
BI SLE Vocabulary,BI SLE Vocabulary - Set 2,57,pameran,exhibition
BI SLE Vocabulary,BI SLE Vocabulary - Set 2,58,pemadam,extinguisher (either the person or the item)
BI SLE Vocabulary,BI SLE Vocabulary - Set 2,59,penanganan,the act/process of handling
BI SLE Vocabulary,BI SLE Vocabulary - Set 2,60,penanggulangan,the act/process of tackling
BI SLE Vocabulary,BI SLE Vocabulary - Set 2,61,pencegahan,"the act/process of preventing, prevention"
BI SLE Vocabulary,BI SLE Vocabulary - Set 2,62,pendidik,educator
BI SLE Vocabulary,BI SLE Vocabulary - Set 2,63,pengajar,"teacher, instructor"
BI SLE Vocabulary,BI SLE Vocabulary - Set 2,64,peralatan,"equipment, tools"
BI SLE Vocabulary,BI SLE Vocabulary - Set 2,65,perayaan,celebration
BI SLE Vocabulary,BI SLE Vocabulary - Set 2,66,perbuatan,"deed, act"
BI SLE Vocabulary,BI SLE Vocabulary - Set 2,67,perpustakaan,library
BI SLE Vocabulary,BI SLE Vocabulary - Set 2,68,personel,personnel
BI SLE Vocabulary,BI SLE Vocabulary - Set 2,69,prospek,prospect
BI SLE Vocabulary,BI SLE Vocabulary - Set 2,70,proyek,project
BI SLE Vocabulary,BI SLE Vocabulary - Set 2,71,rendah,low
BI SLE Vocabulary,BI SLE Vocabulary - Set 2,72,sedikitnya,at least
BI SLE Vocabulary,BI SLE Vocabulary - Set 2,73,seimbang,balanced
BI SLE Vocabulary,BI SLE Vocabulary - Set 2,74,sempat,had time
BI SLE Vocabulary,BI SLE Vocabulary - Set 2,75,teladan,"role model, example (person)"
BI SLE Vocabulary,BI SLE Vocabulary - Set 2,76,terbentuk,"is formed, is shaped"
BI SLE Vocabulary,BI SLE Vocabulary - Set 2,77,terbukti,is proven
BI SLE Vocabulary,BI SLE Vocabulary - Set 2,78,termasuk,"including, is included"
BI SLE Vocabulary,BI SLE Vocabulary - Set 2,79,terpencil,"is isolated, is remote"
BI SLE Vocabulary,BI SLE Vocabulary - Set 2,80,tim,team
BI SLE Vocabulary,BI SLE Vocabulary - Set 2,81,tugas,"duty, task, assignment"
BI SLE Vocabulary,BI SLE Vocabulary - Set 2,82,"tumbuh, bertumbuh",grow
BI SLE Vocabulary,BI SLE Vocabulary - Set 2,83,untungnya,"fortunately, luckily"
BI SLE Vocabulary,BI SLE Vocabulary - Set 2,84,"upaya, usaha",effort
BI SLE Vocabulary,BI SLE Vocabulary - Set 3,1,akibat,"consequence, result"
BI SLE Vocabulary,BI SLE Vocabulary - Set 3,2,bahaya,danger
BI SLE Vocabulary,BI SLE Vocabulary - Set 3,3,berdasarkan,based on
BI SLE Vocabulary,BI SLE Vocabulary - Set 3,4,berpenduduk,to have a population
BI SLE Vocabulary,BI SLE Vocabulary - Set 3,5,biaya,"cost, expense, fee"
BI SLE Vocabulary,BI SLE Vocabulary - Set 3,6,buruk,"bad, poor"
BI SLE Vocabulary,BI SLE Vocabulary - Set 3,7,dampak,impact
BI SLE Vocabulary,BI SLE Vocabulary - Set 3,8,darah,blood
BI SLE Vocabulary,BI SLE Vocabulary - Set 3,9,daya,power
BI SLE Vocabulary,BI SLE Vocabulary - Set 3,10,daya tarik,"appeal, attractiveness"
BI SLE Vocabulary,BI SLE Vocabulary - Set 3,11,dianjurkan,"to be advocated, to be encouraged, to be recommended"
BI SLE Vocabulary,BI SLE Vocabulary - Set 3,12,"dorong, mendorong",to push; to encourage
BI SLE Vocabulary,BI SLE Vocabulary - Set 3,13,efek,effect
BI SLE Vocabulary,BI SLE Vocabulary - Set 3,14,gaya,style
BI SLE Vocabulary,BI SLE Vocabulary - Set 3,15,"gizi, nutrisi",nutrition
BI SLE Vocabulary,BI SLE Vocabulary - Set 3,16,hewan,animal
BI SLE Vocabulary,BI SLE Vocabulary - Set 3,17,"inflamasi, radang",inflammation
BI SLE Vocabulary,BI SLE Vocabulary - Set 3,18,jantung,heart (organ)
BI SLE Vocabulary,BI SLE Vocabulary - Set 3,19,jiwa,"soul, life"
BI SLE Vocabulary,BI SLE Vocabulary - Set 3,20,kadar,"level, rate"
BI SLE Vocabulary,BI SLE Vocabulary - Set 3,21,kain,"cloth, fabric"
BI SLE Vocabulary,BI SLE Vocabulary - Set 3,22,kain tenun,woven fabric
BI SLE Vocabulary,BI SLE Vocabulary - Set 3,23,kaitan,"connection, relation"
BI SLE Vocabulary,BI SLE Vocabulary - Set 3,24,kanker,cancer
BI SLE Vocabulary,BI SLE Vocabulary - Set 3,25,kawasan,district
BI SLE Vocabulary,BI SLE Vocabulary - Set 3,26,kemacetan,jam (i.e.: traffic jam)
BI SLE Vocabulary,BI SLE Vocabulary - Set 3,27,kematian,death
BI SLE Vocabulary,BI SLE Vocabulary - Set 3,28,kenal,"to know, to be acquainted with"
BI SLE Vocabulary,BI SLE Vocabulary - Set 3,29,kerajinan,craft
BI SLE Vocabulary,BI SLE Vocabulary - Set 3,30,konsumsi,consumption
BI SLE Vocabulary,BI SLE Vocabulary - Set 3,31,kuliner,culinary
BI SLE Vocabulary,BI SLE Vocabulary - Set 3,32,lemak,fat (in food)
BI SLE Vocabulary,BI SLE Vocabulary - Set 3,33,lipat,fold
BI SLE Vocabulary,BI SLE Vocabulary - Set 3,34,"lokal, setempat","local, at the same place/location"
BI SLE Vocabulary,BI SLE Vocabulary - Set 3,35,lulus,graduated
BI SLE Vocabulary,BI SLE Vocabulary - Set 3,36,manusia,human
BI SLE Vocabulary,BI SLE Vocabulary - Set 3,37,membuktikan,to prove something
BI SLE Vocabulary,BI SLE Vocabulary - Set 3,38,memperoleh,"to obtain, to get, to acquire"
BI SLE Vocabulary,BI SLE Vocabulary - Set 3,39,menawarkan,to offer something
BI SLE Vocabulary,BI SLE Vocabulary - Set 3,40,menerjemahkan,"to translate something, to interpret something"
BI SLE Vocabulary,BI SLE Vocabulary - Set 3,41,mengandung,to contain; pregnant
BI SLE Vocabulary,BI SLE Vocabulary - Set 3,42,menganjurkan,"to advocate, to encourage, to recommend"
BI SLE Vocabulary,BI SLE Vocabulary - Set 3,43,mengolah,to process
BI SLE Vocabulary,BI SLE Vocabulary - Set 3,44,mengonsumsi,to consume
BI SLE Vocabulary,BI SLE Vocabulary - Set 3,45,mengumumkan,"to announce, to make public"
BI SLE Vocabulary,BI SLE Vocabulary - Set 3,46,mengurangi,to reduce
BI SLE Vocabulary,BI SLE Vocabulary - Set 3,47,menurunkan,"to lower down, to reduce"
BI SLE Vocabulary,BI SLE Vocabulary - Set 3,48,menyimpulkan,to conclude
BI SLE Vocabulary,BI SLE Vocabulary - Set 3,49,merangsang,to stimulate
BI SLE Vocabulary,BI SLE Vocabulary - Set 3,50,merespons,to respond
BI SLE Vocabulary,BI SLE Vocabulary - Set 3,51,merokok,to smoke a cigarette
BI SLE Vocabulary,BI SLE Vocabulary - Set 3,52,minyak,oil
BI SLE Vocabulary,BI SLE Vocabulary - Set 3,53,otak,brain
BI SLE Vocabulary,BI SLE Vocabulary - Set 3,54,pakar,expert
BI SLE Vocabulary,BI SLE Vocabulary - Set 3,55,paket,package
BI SLE Vocabulary,BI SLE Vocabulary - Set 3,56,pariwisata,tourism
BI SLE Vocabulary,BI SLE Vocabulary - Set 3,57,pasir,sand
BI SLE Vocabulary,BI SLE Vocabulary - Set 3,58,payudara,breast
BI SLE Vocabulary,BI SLE Vocabulary - Set 3,59,penerjemah,translator
BI SLE Vocabulary,BI SLE Vocabulary - Set 3,60,penghasilan,"income, earnings"
BI SLE Vocabulary,BI SLE Vocabulary - Set 3,61,pengumuman,announcement
BI SLE Vocabulary,BI SLE Vocabulary - Set 3,62,pengunjung,visitor
BI SLE Vocabulary,BI SLE Vocabulary - Set 3,63,penyakit,disease
BI SLE Vocabulary,BI SLE Vocabulary - Set 3,64,penyelenggaraan,the act/process of organizing/conducting an event
BI SLE Vocabulary,BI SLE Vocabulary - Set 3,65,penyumbatan,blockage
BI SLE Vocabulary,BI SLE Vocabulary - Set 3,66,perkembangan,development
BI SLE Vocabulary,BI SLE Vocabulary - Set 3,67,"persendian, sendi",joint
BI SLE Vocabulary,BI SLE Vocabulary - Set 3,68,"pilih, memilih",to choose
BI SLE Vocabulary,BI SLE Vocabulary - Set 3,69,porsi,portion
BI SLE Vocabulary,BI SLE Vocabulary - Set 3,70,resiko,risk
BI SLE Vocabulary,BI SLE Vocabulary - Set 3,71,sarjana,bachelor (degree)
BI SLE Vocabulary,BI SLE Vocabulary - Set 3,72,sebanyak,"as much as, as many as"
BI SLE Vocabulary,BI SLE Vocabulary - Set 3,73,sektor,sector
BI SLE Vocabulary,BI SLE Vocabulary - Set 3,74,seni,art
BI SLE Vocabulary,BI SLE Vocabulary - Set 3,75,sesuai,in accordance with
BI SLE Vocabulary,BI SLE Vocabulary - Set 3,76,standar,standard
BI SLE Vocabulary,BI SLE Vocabulary - Set 3,77,sumbangan,donation
BI SLE Vocabulary,BI SLE Vocabulary - Set 3,78,surut,"recede, receding"
BI SLE Vocabulary,BI SLE Vocabulary - Set 3,79,tantangan,challenge
BI SLE Vocabulary,BI SLE Vocabulary - Set 3,80,"tarik, menarik",to pull
BI SLE Vocabulary,BI SLE Vocabulary - Set 3,81,"tekan, menekan",to press
BI SLE Vocabulary,BI SLE Vocabulary - Set 3,82,tekanan,"pressure, stress"
BI SLE Vocabulary,BI SLE Vocabulary - Set 3,83,teknik,technique
BI SLE Vocabulary,BI SLE Vocabulary - Set 3,84,teratur,"regular, organized, arranged"
BI SLE Vocabulary,BI SLE Vocabulary - Set 3,85,terjemahan,translation
BI SLE Vocabulary,BI SLE Vocabulary - Set 3,86,terkena,"affected by, exposed to"
BI SLE Vocabulary,BI SLE Vocabulary - Set 3,87,timbul,"to arise, to emerge"
BI SLE Vocabulary,BI SLE Vocabulary - Set 3,88,tubuh,body
BI SLE Vocabulary,BI SLE Vocabulary - Set 3,89,tujuan,"destination; purpose, aim"
BI SLE Vocabulary,BI SLE Vocabulary - Set 3,90,"turis, wisatawan",tourist
BI SLE Vocabulary,BI SLE Vocabulary - Set 3,91,usus,intestines
BI SLE Vocabulary,BI SLE Vocabulary - Set 3,92,"wisata, berwisata",to travel
BI SLE Vocabulary,BI SLE Vocabulary - Set 3,93,yaitu,"namely, that is"
BI SLE Vocabulary,BI SLE Vocabulary - Set 4,1,aksi,action
BI SLE Vocabulary,BI SLE Vocabulary - Set 4,2,asalkan,"provided that, as long as"
BI SLE Vocabulary,BI SLE Vocabulary - Set 4,3,atasan,"boss, superior"
BI SLE Vocabulary,BI SLE Vocabulary - Set 4,4,"badan, tubuh",body
BI SLE Vocabulary,BI SLE Vocabulary - Set 4,5,"bakar, membakar",to burn
BI SLE Vocabulary,BI SLE Vocabulary - Set 4,6,balap,racing
BI SLE Vocabulary,BI SLE Vocabulary - Set 4,7,"bandara, bandar udara, lapangan terbang",airport
BI SLE Vocabulary,BI SLE Vocabulary - Set 4,8,bebas,free (able to act as one wishes; not or no longer confined or imprisoned)
BI SLE Vocabulary,BI SLE Vocabulary - Set 4,9,bentukan,a formation of; something that was formed
BI SLE Vocabulary,BI SLE Vocabulary - Set 4,10,berat,heavy; weight
BI SLE Vocabulary,BI SLE Vocabulary - Set 4,11,berdampak,to have an impact
BI SLE Vocabulary,BI SLE Vocabulary - Set 4,12,berpuasa,"to fast, to abstain from food & drink"
BI SLE Vocabulary,BI SLE Vocabulary - Set 4,13,bersalah,guilty
BI SLE Vocabulary,BI SLE Vocabulary - Set 4,14,bersamaan,at the same time
BI SLE Vocabulary,BI SLE Vocabulary - Set 4,15,bersepeda,"to cycle, cycling"
BI SLE Vocabulary,BI SLE Vocabulary - Set 4,16,bersih,clean
BI SLE Vocabulary,BI SLE Vocabulary - Set 4,17,bola,ball
BI SLE Vocabulary,BI SLE Vocabulary - Set 4,18,buah-buahan,fruits (several varieties)
BI SLE Vocabulary,BI SLE Vocabulary - Set 4,19,"buang, membuang",to throw away
BI SLE Vocabulary,BI SLE Vocabulary - Set 4,20,definisi,definition
BI SLE Vocabulary,BI SLE Vocabulary - Set 4,21,dewasa,adult
BI SLE Vocabulary,BI SLE Vocabulary - Set 4,22,diadakan,to be held/conducted
BI SLE Vocabulary,BI SLE Vocabulary - Set 4,23,dihindari,"to be avoided, to be prevented"
BI SLE Vocabulary,BI SLE Vocabulary - Set 4,24,dijuluki,to be nicknamed
BI SLE Vocabulary,BI SLE Vocabulary - Set 4,25,dikatakan,to be said
BI SLE Vocabulary,BI SLE Vocabulary - Set 4,26,dikenal,to be known
BI SLE Vocabulary,BI SLE Vocabulary - Set 4,27,dini,early
BI SLE Vocabulary,BI SLE Vocabulary - Set 4,28,dioperasikan,to be operated
BI SLE Vocabulary,BI SLE Vocabulary - Set 4,29,disalahkan,to be blamed
BI SLE Vocabulary,BI SLE Vocabulary - Set 4,30,disarankan,to be suggested
BI SLE Vocabulary,BI SLE Vocabulary - Set 4,31,disebut,"to be called, to be named (for non-human)"
BI SLE Vocabulary,BI SLE Vocabulary - Set 4,32,ditandai,to be marked
BI SLE Vocabulary,BI SLE Vocabulary - Set 4,33,ditangani,to be handled
BI SLE Vocabulary,BI SLE Vocabulary - Set 4,34,ditimbulkan,"to be caused to emerge, to be brought forth"
BI SLE Vocabulary,BI SLE Vocabulary - Set 4,35,ditutup,to be closed
BI SLE Vocabulary,BI SLE Vocabulary - Set 4,36,energi,energy
BI SLE Vocabulary,BI SLE Vocabulary - Set 4,37,gas,gas
BI SLE Vocabulary,BI SLE Vocabulary - Set 4,38,gubernur,governor
BI SLE Vocabulary,BI SLE Vocabulary - Set 4,39,gula,sugar
BI SLE Vocabulary,BI SLE Vocabulary - Set 4,40,hormon,hormone
BI SLE Vocabulary,BI SLE Vocabulary - Set 4,41,implementasi,implementation
BI SLE Vocabulary,BI SLE Vocabulary - Set 4,42,kalori,calories
BI SLE Vocabulary,BI SLE Vocabulary - Set 4,43,karbohidrat,carbohydrate
BI SLE Vocabulary,BI SLE Vocabulary - Set 4,44,kecelakaan,accident
BI SLE Vocabulary,BI SLE Vocabulary - Set 4,45,kelompok,group
BI SLE Vocabulary,BI SLE Vocabulary - Set 4,46,kerukunan,harmony
BI SLE Vocabulary,BI SLE Vocabulary - Set 4,47,kerusakan,damage
BI SLE Vocabulary,BI SLE Vocabulary - Set 4,48,kesalahan,"error, mistake"
BI SLE Vocabulary,BI SLE Vocabulary - Set 4,49,komplikasi,complication
BI SLE Vocabulary,BI SLE Vocabulary - Set 4,50,kredit,credit
BI SLE Vocabulary,BI SLE Vocabulary - Set 4,51,luang,spare (i.e.: spare time)
BI SLE Vocabulary,BI SLE Vocabulary - Set 4,52,"makin, semakin","more and more, increasingly"
BI SLE Vocabulary,BI SLE Vocabulary - Set 4,53,manis,sweet
BI SLE Vocabulary,BI SLE Vocabulary - Set 4,54,membentuk,"to form, to shape"
BI SLE Vocabulary,BI SLE Vocabulary - Set 4,55,mendadak,sudden; suddenly
BI SLE Vocabulary,BI SLE Vocabulary - Set 4,56,menderita,to suffer from an illness/disease
BI SLE Vocabulary,BI SLE Vocabulary - Set 4,57,mendisiplinkan,to discipline
BI SLE Vocabulary,BI SLE Vocabulary - Set 4,58,mengelola,"to manage, to administer"
BI SLE Vocabulary,BI SLE Vocabulary - Set 4,59,mengontrol,to control
BI SLE Vocabulary,BI SLE Vocabulary - Set 4,60,menimbulkan,"to cause to emerge, to give rise to"
BI SLE Vocabulary,BI SLE Vocabulary - Set 4,61,meninggi,"rise, escalate"
BI SLE Vocabulary,BI SLE Vocabulary - Set 4,62,menjaga,to take care; to maintain
BI SLE Vocabulary,BI SLE Vocabulary - Set 4,63,menyalahkan,to blame someone
BI SLE Vocabulary,BI SLE Vocabulary - Set 4,64,muncul,"to appear, to emerge, to show up"
BI SLE Vocabulary,BI SLE Vocabulary - Set 4,65,padat,solid; dense
BI SLE Vocabulary,BI SLE Vocabulary - Set 4,66,pencemaran,"pollution, contamination"
BI SLE Vocabulary,BI SLE Vocabulary - Set 4,67,pendengar,listener
BI SLE Vocabulary,BI SLE Vocabulary - Set 4,68,penderita,a person suffering from an illness/disease
BI SLE Vocabulary,BI SLE Vocabulary - Set 4,69,pengendalian,the act/process of controlling
BI SLE Vocabulary,BI SLE Vocabulary - Set 4,70,peningkatan,increase; improvement
BI SLE Vocabulary,BI SLE Vocabulary - Set 4,71,penurunan,"decrease, reduction; the act/process of lowering/decreasing"
BI SLE Vocabulary,BI SLE Vocabulary - Set 4,72,"Perda, peraturan daerah",regional regulations
BI SLE Vocabulary,BI SLE Vocabulary - Set 4,73,peringatan,warning; commemoration
BI SLE Vocabulary,BI SLE Vocabulary - Set 4,74,pola,pattern
BI SLE Vocabulary,BI SLE Vocabulary - Set 4,75,pribadi,personal
BI SLE Vocabulary,BI SLE Vocabulary - Set 4,76,protokol,protocol
BI SLE Vocabulary,BI SLE Vocabulary - Set 4,77,pusing,"dizzy, headache"
BI SLE Vocabulary,BI SLE Vocabulary - Set 4,78,sambutan,"welcome, greeting"
BI SLE Vocabulary,BI SLE Vocabulary - Set 4,79,sayur-sayuran,vegetables (several varieties)
BI SLE Vocabulary,BI SLE Vocabulary - Set 4,80,sebaik,as good as
BI SLE Vocabulary,BI SLE Vocabulary - Set 4,81,sebenarnya,"in fact, actually"
BI SLE Vocabulary,BI SLE Vocabulary - Set 4,82,sejauh,so far; as far as
BI SLE Vocabulary,BI SLE Vocabulary - Set 4,83,sepi,quiet
BI SLE Vocabulary,BI SLE Vocabulary - Set 4,84,sepucuk surat,a piece of letter
BI SLE Vocabulary,BI SLE Vocabulary - Set 4,85,sesungguhnya,"strictly speaking, frankly"
BI SLE Vocabulary,BI SLE Vocabulary - Set 4,86,"soal, masalah, hal","matter, problem"
BI SLE Vocabulary,BI SLE Vocabulary - Set 4,87,sulit,difficult
BI SLE Vocabulary,BI SLE Vocabulary - Set 4,88,suntikan,injection
BI SLE Vocabulary,BI SLE Vocabulary - Set 4,89,terpakai,"is used, is used up, is usable, is unintentionally used"
BI SLE Vocabulary,BI SLE Vocabulary - Set 4,90,teror,terror
BI SLE Vocabulary,BI SLE Vocabulary - Set 4,91,tipe,type
BI SLE Vocabulary,BI SLE Vocabulary - Set 4,92,udara,air
BI SLE Vocabulary,BI SLE Vocabulary - Set 4,93,"yakni, yaitu","that is, namely"
BI SLE Vocabulary,BI SLE Vocabulary - Set 5,1,aktif,active
BI SLE Vocabulary,BI SLE Vocabulary - Set 5,2,anggota,member
BI SLE Vocabulary,BI SLE Vocabulary - Set 5,3,awalnya,"initially, at the beginning"
BI SLE Vocabulary,BI SLE Vocabulary - Set 5,4,bekal,the provisions necessary
BI SLE Vocabulary,BI SLE Vocabulary - Set 5,5,berdagang,"to trade, to earn a living, buying & selling, to deal in such-&-such a commodity"
BI SLE Vocabulary,BI SLE Vocabulary - Set 5,6,bersaksi,to testify
BI SLE Vocabulary,BI SLE Vocabulary - Set 5,7,berpotensi,to have the potential
BI SLE Vocabulary,BI SLE Vocabulary - Set 5,8,dibatasi,"to be restricted, to be limited"
BI SLE Vocabulary,BI SLE Vocabulary - Set 5,9,didasari,to be based
BI SLE Vocabulary,BI SLE Vocabulary - Set 5,10,didukung,to be supported
BI SLE Vocabulary,BI SLE Vocabulary - Set 5,11,dikonsumsi,to be consumed
BI SLE Vocabulary,BI SLE Vocabulary - Set 5,12,dilaporkan,to be reported
BI SLE Vocabulary,BI SLE Vocabulary - Set 5,13,dimaksud,"to be meant, to be referred"
BI SLE Vocabulary,BI SLE Vocabulary - Set 5,14,disabilitas,disability
BI SLE Vocabulary,BI SLE Vocabulary - Set 5,15,evakuasi,evacuation
BI SLE Vocabulary,BI SLE Vocabulary - Set 5,16,fasilitas,facility
BI SLE Vocabulary,BI SLE Vocabulary - Set 5,17,fasilitator,facilitator
BI SLE Vocabulary,BI SLE Vocabulary - Set 5,18,hampir,almost
BI SLE Vocabulary,BI SLE Vocabulary - Set 5,19,ikut,"to come along, to join along, to participate in"
BI SLE Vocabulary,BI SLE Vocabulary - Set 5,20,julukan,nickname
BI SLE Vocabulary,BI SLE Vocabulary - Set 5,21,kandungan,content; womb
BI SLE Vocabulary,BI SLE Vocabulary - Set 5,22,kebudayaan,"culture, civilization"
BI SLE Vocabulary,BI SLE Vocabulary - Set 5,23,kecanduan,addiction; addicted
BI SLE Vocabulary,BI SLE Vocabulary - Set 5,24,kementerian,ministry (a government department headed by a minister)
BI SLE Vocabulary,BI SLE Vocabulary - Set 5,25,kesaksian,testimony
BI SLE Vocabulary,BI SLE Vocabulary - Set 5,26,keterpanggilan,calling (a strong urge towards a particular way of life or career)
BI SLE Vocabulary,BI SLE Vocabulary - Set 5,27,kini,"now, nowadays"
BI SLE Vocabulary,BI SLE Vocabulary - Set 5,28,kontribusi,contribution
BI SLE Vocabulary,BI SLE Vocabulary - Set 5,29,makanan cepat saji,fast food
BI SLE Vocabulary,BI SLE Vocabulary - Set 5,30,memadai,"adequate, sufficient"
BI SLE Vocabulary,BI SLE Vocabulary - Set 5,31,mematikan,"to turn off, to switch off; deadly"
BI SLE Vocabulary,BI SLE Vocabulary - Set 5,32,membahayakan,to endanger
BI SLE Vocabulary,BI SLE Vocabulary - Set 5,33,membangun,to build
BI SLE Vocabulary,BI SLE Vocabulary - Set 5,34,membatasi,"to limit, to restrict"
BI SLE Vocabulary,BI SLE Vocabulary - Set 5,35,memperdagangkan,to trade something
BI SLE Vocabulary,BI SLE Vocabulary - Set 5,36,memunculkan,"to bring forth, to make appear"
BI SLE Vocabulary,BI SLE Vocabulary - Set 5,37,menaikkan,to increase; to lift up
BI SLE Vocabulary,BI SLE Vocabulary - Set 5,38,mencoba,to try
BI SLE Vocabulary,BI SLE Vocabulary - Set 5,39,mendirikan,"to establish, to set up"
BI SLE Vocabulary,BI SLE Vocabulary - Set 5,40,mengamati,to observe or inspect carefully
BI SLE Vocabulary,BI SLE Vocabulary - Set 5,41,mengemukakan,"to put forward, to express, to say or communicate what one thinks or means"
BI SLE Vocabulary,BI SLE Vocabulary - Set 5,42,menolong,to help
BI SLE Vocabulary,BI SLE Vocabulary - Set 5,43,menyaksikan,to witness something
BI SLE Vocabulary,BI SLE Vocabulary - Set 5,44,menyalurkan,to channel (to distribute)
BI SLE Vocabulary,BI SLE Vocabulary - Set 5,45,menyebabkan,"to cause, to bring about"
BI SLE Vocabulary,BI SLE Vocabulary - Set 5,46,menyerah,"to give up, to surrender"
BI SLE Vocabulary,BI SLE Vocabulary - Set 5,47,"meskipun, walaupun","although, even though"
BI SLE Vocabulary,BI SLE Vocabulary - Set 5,48,metabolisme,metabolism
BI SLE Vocabulary,BI SLE Vocabulary - Set 5,49,narkoba,narcotics and illegal drugs
BI SLE Vocabulary,BI SLE Vocabulary - Set 5,50,obesitas,obesity
BI SLE Vocabulary,BI SLE Vocabulary - Set 5,51,onkologi,oncology
BI SLE Vocabulary,BI SLE Vocabulary - Set 5,52,"pecandu, pencandu",an addict
BI SLE Vocabulary,BI SLE Vocabulary - Set 5,53,pedagang,"trader, merchant"
BI SLE Vocabulary,BI SLE Vocabulary - Set 5,54,pegawai,employee
BI SLE Vocabulary,BI SLE Vocabulary - Set 5,55,pelatihan,"training, coaching"
BI SLE Vocabulary,BI SLE Vocabulary - Set 5,56,pengadilan,court; trial
BI SLE Vocabulary,BI SLE Vocabulary - Set 5,57,pengamat,observer
BI SLE Vocabulary,BI SLE Vocabulary - Set 5,58,pengamatan,"observation, the act/process of observing"
BI SLE Vocabulary,BI SLE Vocabulary - Set 5,59,penunjang,"support, something or someone that sustains"
BI SLE Vocabulary,BI SLE Vocabulary - Set 5,60,penyakit,"disease, illness, sickness"
BI SLE Vocabulary,BI SLE Vocabulary - Set 5,61,penyandang disabilitas,person with disabilities
BI SLE Vocabulary,BI SLE Vocabulary - Set 5,62,perdagangan,trading
BI SLE Vocabulary,BI SLE Vocabulary - Set 5,63,praktis,"practical, convenient"
BI SLE Vocabulary,BI SLE Vocabulary - Set 5,64,psikososial,psychosocial
BI SLE Vocabulary,BI SLE Vocabulary - Set 5,65,rasa,"taste, flavour"
BI SLE Vocabulary,BI SLE Vocabulary - Set 5,66,relawan,volunteer
BI SLE Vocabulary,BI SLE Vocabulary - Set 5,67,rentan,"susceptible, vulnerable"
BI SLE Vocabulary,BI SLE Vocabulary - Set 5,68,saksi,witness
BI SLE Vocabulary,BI SLE Vocabulary - Set 5,69,sebaliknya,"otherwise, on the contrary"
BI SLE Vocabulary,BI SLE Vocabulary - Set 5,70,sel,cell
BI SLE Vocabulary,BI SLE Vocabulary - Set 5,71,siaga,standby
BI SLE Vocabulary,BI SLE Vocabulary - Set 5,72,terbatas,is limited
BI SLE Vocabulary,BI SLE Vocabulary - Set 5,73,terdapat,"to exist, be found"
BI SLE Vocabulary,BI SLE Vocabulary - Set 5,74,tetap,"remain, constantly; permanent"
BI SLE Vocabulary,BI SLE Vocabulary - Set 5,75,tingkat,level
BI SLE Vocabulary,BI SLE Vocabulary - Set 5,76,tumbang,"collapsed, fall"
BI SLE Vocabulary,BI SLE Vocabulary - Set 5,77,tumor,tumor
BI SLE Vocabulary,BI SLE Vocabulary - Set 5,78,umumnya,generally
BI SLE Vocabulary,BI SLE Vocabulary - Set 6,1,alasan,"reason, excuse"
BI SLE Vocabulary,BI SLE Vocabulary - Set 6,2,ancaman,"threat, menace"
BI SLE Vocabulary,BI SLE Vocabulary - Set 6,3,antar-,"inter, between (linked form)"
BI SLE Vocabulary,BI SLE Vocabulary - Set 6,4,antisipasi,anticipation
BI SLE Vocabulary,BI SLE Vocabulary - Set 6,5,apapun,"anything, whatever"
BI SLE Vocabulary,BI SLE Vocabulary - Set 6,6,bakti sosial,social service
BI SLE Vocabulary,BI SLE Vocabulary - Set 6,7,banjir,flood
BI SLE Vocabulary,BI SLE Vocabulary - Set 6,8,bepergian,"to travel, travelling"
BI SLE Vocabulary,BI SLE Vocabulary - Set 6,9,berbahaya,dangerous
BI SLE Vocabulary,BI SLE Vocabulary - Set 6,10,beresiko,"to have risks, risky"
BI SLE Vocabulary,BI SLE Vocabulary - Set 6,11,berlatih,to practice
BI SLE Vocabulary,BI SLE Vocabulary - Set 6,12,berlebihan,"exaggerated, excessive"
BI SLE Vocabulary,BI SLE Vocabulary - Set 6,13,bertambah,"to increase, to grow in number"
BI SLE Vocabulary,BI SLE Vocabulary - Set 6,14,berupa,in the form of
BI SLE Vocabulary,BI SLE Vocabulary - Set 6,15,berusia,to have the age of
BI SLE Vocabulary,BI SLE Vocabulary - Set 6,16,demografi,demography
BI SLE Vocabulary,BI SLE Vocabulary - Set 6,17,diakui,"to be acknowledged, to be recognised"
BI SLE Vocabulary,BI SLE Vocabulary - Set 6,18,dianggap,"to be considered, to be regarded"
BI SLE Vocabulary,BI SLE Vocabulary - Set 6,19,dibanggakan,to be proud of
BI SLE Vocabulary,BI SLE Vocabulary - Set 6,20,dikumpulkan,"to be collected, to be gathered"
BI SLE Vocabulary,BI SLE Vocabulary - Set 6,21,dilihat,"to be seen, to be looked at"
BI SLE Vocabulary,BI SLE Vocabulary - Set 6,22,dipandang,"to be viewed, to be looked at"
BI SLE Vocabulary,BI SLE Vocabulary - Set 6,23,disebabkan,to be caused
BI SLE Vocabulary,BI SLE Vocabulary - Set 6,24,fakultas,faculty
BI SLE Vocabulary,BI SLE Vocabulary - Set 6,25,impian,"dream, ideal"
BI SLE Vocabulary,BI SLE Vocabulary - Set 6,26,jasa,"service, merit"
BI SLE Vocabulary,BI SLE Vocabulary - Set 6,27,justru,"instead, in fact"
BI SLE Vocabulary,BI SLE Vocabulary - Set 6,28,kebanyakan,"the majority of, most"
BI SLE Vocabulary,BI SLE Vocabulary - Set 6,29,kebutuhan,"needs, necessities"
BI SLE Vocabulary,BI SLE Vocabulary - Set 6,30,kepadatan,density
BI SLE Vocabulary,BI SLE Vocabulary - Set 6,31,kependudukan,demographics
BI SLE Vocabulary,BI SLE Vocabulary - Set 6,32,kesadaran,"awareness, consciousness"
BI SLE Vocabulary,BI SLE Vocabulary - Set 6,33,konflik,conflict
BI SLE Vocabulary,BI SLE Vocabulary - Set 6,34,langkah,"step, measure"
BI SLE Vocabulary,BI SLE Vocabulary - Set 6,35,lebih lanjut,"further, furthermore"
BI SLE Vocabulary,BI SLE Vocabulary - Set 6,36,lapangan,"field, court"
BI SLE Vocabulary,BI SLE Vocabulary - Set 6,37,lembaga,institution
BI SLE Vocabulary,BI SLE Vocabulary - Set 6,38,maka,then (i.e.: if ... then ...)
BI SLE Vocabulary,BI SLE Vocabulary - Set 6,39,melatih,"to train someone, to coach someone"
BI SLE Vocabulary,BI SLE Vocabulary - Set 6,40,memenuhi,"to fulfill, to meet requirements"
BI SLE Vocabulary,BI SLE Vocabulary - Set 6,41,mengalami,"to experience something, to go through"
BI SLE Vocabulary,BI SLE Vocabulary - Set 6,42,menghubungi,to contact someone
BI SLE Vocabulary,BI SLE Vocabulary - Set 6,43,menghubungkan,"to connect, to relate"
BI SLE Vocabulary,BI SLE Vocabulary - Set 6,44,menguntungkan,"to profit someone, to benefit someone; profitable, beneficial"
BI SLE Vocabulary,BI SLE Vocabulary - Set 6,45,menunjukkan,"to show, to indicate"
BI SLE Vocabulary,BI SLE Vocabulary - Set 6,46,obat-obatan,various kinds of medicines/drugs
BI SLE Vocabulary,BI SLE Vocabulary - Set 6,47,patut,worth to be
BI SLE Vocabulary,BI SLE Vocabulary - Set 6,48,pelajar,"student, learner"
BI SLE Vocabulary,BI SLE Vocabulary - Set 6,49,pelayanan,"service, treatment, care"
BI SLE Vocabulary,BI SLE Vocabulary - Set 6,50,peluang,"opportunity, chance"
BI SLE Vocabulary,BI SLE Vocabulary - Set 6,51,penduduk,"population, resident, inhabitant"
BI SLE Vocabulary,BI SLE Vocabulary - Set 6,52,pengangguran,unemployment
BI SLE Vocabulary,BI SLE Vocabulary - Set 6,53,perhitungan,calculation
BI SLE Vocabulary,BI SLE Vocabulary - Set 6,54,pertambahan,"increase, growth"
BI SLE Vocabulary,BI SLE Vocabulary - Set 6,55,pertanian,agriculture
BI SLE Vocabulary,BI SLE Vocabulary - Set 6,56,"dan sebagainya, dsb",etc.
BI SLE Vocabulary,BI SLE Vocabulary - Set 6,57,segala,all kinds of
BI SLE Vocabulary,BI SLE Vocabulary - Set 6,58,sempit,"narrow, tight fitting"
BI SLE Vocabulary,BI SLE Vocabulary - Set 6,59,sisi,side
BI SLE Vocabulary,BI SLE Vocabulary - Set 6,60,statistik,statistics
BI SLE Vocabulary,BI SLE Vocabulary - Set 6,61,suatu,"one, a certain"
BI SLE Vocabulary,BI SLE Vocabulary - Set 6,62,teliti,"thorough, meticulous"
BI SLE Vocabulary,BI SLE Vocabulary - Set 6,63,terlatih,is trained
BI SLE Vocabulary,BI SLE Vocabulary - Set 6,64,"umur, usia",age
BI SLE Vocabulary,BI SLE Vocabulary - Set 6,65,usia lanjut,old age
BI SLE Vocabulary,BI SLE Vocabulary - Set 6,66,waspada,"alert, vigilant"
BI SLE Vocabulary,BI SLE Vocabulary - Set 6,67,wawasan,"insight, knowledge"
BI SLE Vocabulary,BI SLE Vocabulary - Set 7,1,aneka,various
BI SLE Vocabulary,BI SLE Vocabulary - Set 7,2,"aplaus, tepuk tangan",applause
BI SLE Vocabulary,BI SLE Vocabulary - Set 7,3,bazar,bazaar
BI SLE Vocabulary,BI SLE Vocabulary - Set 7,4,berbahagia,"to rejoice, to be happy"
BI SLE Vocabulary,BI SLE Vocabulary - Set 7,5,bercengkerama,"to chat joyfully, to chat and joke"
BI SLE Vocabulary,BI SLE Vocabulary - Set 7,6,berjalan-jalan,"to leisurely walk, to stroll"
BI SLE Vocabulary,BI SLE Vocabulary - Set 7,7,dihadiri,to be attended
BI SLE Vocabulary,BI SLE Vocabulary - Set 7,8,diikuti,to be followed
BI SLE Vocabulary,BI SLE Vocabulary - Set 7,9,dingin,cold
BI SLE Vocabulary,BI SLE Vocabulary - Set 7,10,dipelopori,to be pioneered
BI SLE Vocabulary,BI SLE Vocabulary - Set 7,11,diplomasi,diplomacy
BI SLE Vocabulary,BI SLE Vocabulary - Set 7,12,dirancang,to be designed
BI SLE Vocabulary,BI SLE Vocabulary - Set 7,13,disediakan,to be provided
BI SLE Vocabulary,BI SLE Vocabulary - Set 7,14,diserbu,"to be swarmed, to be attacked"
BI SLE Vocabulary,BI SLE Vocabulary - Set 7,15,disukai,to be liked
BI SLE Vocabulary,BI SLE Vocabulary - Set 7,16,disumbangkan,to be donated
BI SLE Vocabulary,BI SLE Vocabulary - Set 7,17,ditanamkan,to be implanted
BI SLE Vocabulary,BI SLE Vocabulary - Set 7,18,ditentukan,to be determined
BI SLE Vocabulary,BI SLE Vocabulary - Set 7,19,"dubes, duta besar",ambassador
BI SLE Vocabulary,BI SLE Vocabulary - Set 7,20,gerai,booth
BI SLE Vocabulary,BI SLE Vocabulary - Set 7,21,kaum,group (people who are of the same group)
BI SLE Vocabulary,BI SLE Vocabulary - Set 7,22,kebersihan,cleanliness
BI SLE Vocabulary,BI SLE Vocabulary - Set 7,23,lalu lintas,traffic
BI SLE Vocabulary,BI SLE Vocabulary - Set 7,24,macet,jammed (traffic)
BI SLE Vocabulary,BI SLE Vocabulary - Set 7,25,melaksanakan,"to carry out, to do, to conduct"
BI SLE Vocabulary,BI SLE Vocabulary - Set 7,26,melanggar,to violate
BI SLE Vocabulary,BI SLE Vocabulary - Set 7,27,melengkapi,to complete something
BI SLE Vocabulary,BI SLE Vocabulary - Set 7,28,meluangkan,to spare (i.e.: time)
BI SLE Vocabulary,BI SLE Vocabulary - Set 7,29,membangkitkan,"to awaken, to raise, to evoke"
BI SLE Vocabulary,BI SLE Vocabulary - Set 7,30,memotivasi,to motivate
BI SLE Vocabulary,BI SLE Vocabulary - Set 7,31,memprihatinkan,"concerning, cause for concern"
BI SLE Vocabulary,BI SLE Vocabulary - Set 7,32,menambah,to add to; to increase; to supplement
BI SLE Vocabulary,BI SLE Vocabulary - Set 7,33,menampilkan,"to display, to present, to put something that it may be seen"
BI SLE Vocabulary,BI SLE Vocabulary - Set 7,34,menarik,"interesting, attractive"
BI SLE Vocabulary,BI SLE Vocabulary - Set 7,35,mendaftar,"to sign up, to register"
BI SLE Vocabulary,BI SLE Vocabulary - Set 7,36,mendaftarkan,to register/enlist someone
BI SLE Vocabulary,BI SLE Vocabulary - Set 7,37,menghabiskan,"to spend (i.e.: time, money)"
BI SLE Vocabulary,BI SLE Vocabulary - Set 7,38,menghargai,"to appreciate, to respect, to value"
BI SLE Vocabulary,BI SLE Vocabulary - Set 7,39,mengunjungi,to visit (as a transitive verb)
BI SLE Vocabulary,BI SLE Vocabulary - Set 7,40,menyadari,to realize something
BI SLE Vocabulary,BI SLE Vocabulary - Set 7,41,menyajikan,to serve (i.e.: foods & drinks)
BI SLE Vocabulary,BI SLE Vocabulary - Set 7,42,menyampaikan,to convey
BI SLE Vocabulary,BI SLE Vocabulary - Set 7,43,meriah,"merry, lively"
BI SLE Vocabulary,BI SLE Vocabulary - Set 7,44,mewajibkan,to make compulsory
BI SLE Vocabulary,BI SLE Vocabulary - Set 7,45,motivasi,motivation
BI SLE Vocabulary,BI SLE Vocabulary - Set 7,46,musim,season
BI SLE Vocabulary,BI SLE Vocabulary - Set 7,47,nyaman,comfortable
BI SLE Vocabulary,BI SLE Vocabulary - Set 7,48,nyata,real
BI SLE Vocabulary,BI SLE Vocabulary - Set 7,49,partisipasi,participation
BI SLE Vocabulary,BI SLE Vocabulary - Set 7,50,pendaftaran,registration
BI SLE Vocabulary,BI SLE Vocabulary - Set 7,51,pengetahuan,knowledge
BI SLE Vocabulary,BI SLE Vocabulary - Set 7,52,penjelasan,explanation
BI SLE Vocabulary,BI SLE Vocabulary - Set 7,53,penonton,"audience, spectator"
BI SLE Vocabulary,BI SLE Vocabulary - Set 7,54,pentingnya,the importance of
BI SLE Vocabulary,BI SLE Vocabulary - Set 7,55,peraturan,regulation
BI SLE Vocabulary,BI SLE Vocabulary - Set 7,56,perlengkapan,equipment
BI SLE Vocabulary,BI SLE Vocabulary - Set 7,57,persatuan,unity
BI SLE Vocabulary,BI SLE Vocabulary - Set 7,58,pertandingan,"match, game, competition"
BI SLE Vocabulary,BI SLE Vocabulary - Set 7,59,pertunjukan,"show, performance"
BI SLE Vocabulary,BI SLE Vocabulary - Set 7,60,perwakilan,representative
BI SLE Vocabulary,BI SLE Vocabulary - Set 7,61,pinggir,"edge, side"
BI SLE Vocabulary,BI SLE Vocabulary - Set 7,62,rajin,"hard-working, diligent"
BI SLE Vocabulary,BI SLE Vocabulary - Set 7,63,ribuan,thousands of
BI SLE Vocabulary,BI SLE Vocabulary - Set 7,64,seharusnya,"should, ought to"
BI SLE Vocabulary,BI SLE Vocabulary - Set 7,65,sejumlah,"a number of, some"
BI SLE Vocabulary,BI SLE Vocabulary - Set 7,66,sendiri,"alone, self"
BI SLE Vocabulary,BI SLE Vocabulary - Set 7,67,sepak bola,soccer
BI SLE Vocabulary,BI SLE Vocabulary - Set 7,68,solusi,solution (to a problem)
BI SLE Vocabulary,BI SLE Vocabulary - Set 7,69,sponsor,sponsor
BI SLE Vocabulary,BI SLE Vocabulary - Set 7,70,swasta,private (i.e. not state-owned)
BI SLE Vocabulary,BI SLE Vocabulary - Set 7,71,tarian,the dance
BI SLE Vocabulary,BI SLE Vocabulary - Set 7,72,terdaftar,"is registered, is enrolled, is listed"
BI SLE Vocabulary,BI SLE Vocabulary - Set 7,73,terlibat,is involved
BI SLE Vocabulary,BI SLE Vocabulary - Set 7,74,terparkir,is parked
BI SLE Vocabulary,BI SLE Vocabulary - Set 7,75,tersedia,is available
BI SLE Vocabulary,BI SLE Vocabulary - Set 7,76,wanita,woman
I1 Kosakata Berimbuhan,I1 Kosakata Berimbuhan - Set 1,1,pasti,"definitely, surely"
I1 Kosakata Berimbuhan,I1 Kosakata Berimbuhan - Set 1,2,memastikan,"to ascertain, to ensure, to confirm"
I1 Kosakata Berimbuhan,I1 Kosakata Berimbuhan - Set 1,3,dipastikan,"to be ascertained, to be ensured, to be confirmed"
I1 Kosakata Berimbuhan,I1 Kosakata Berimbuhan - Set 1,4,pemastian,"the act/process of confirming, confirmation"
I1 Kosakata Berimbuhan,I1 Kosakata Berimbuhan - Set 1,5,kepastian,"confirmation, certainty (a fact that is definitely true or an event that is definitely going to take place)"
I1 Kosakata Berimbuhan,I1 Kosakata Berimbuhan - Set 1,6,berpisah,"to separate, to split up, to part ways"
I1 Kosakata Berimbuhan,I1 Kosakata Berimbuhan - Set 1,7,memisah,"to keep oneself away (from), to isolate oneself"
I1 Kosakata Berimbuhan,I1 Kosakata Berimbuhan - Set 1,8,memisahkan,to separate or disunite two or more things
I1 Kosakata Berimbuhan,I1 Kosakata Berimbuhan - Set 1,9,dipisahkan,to be separated
I1 Kosakata Berimbuhan,I1 Kosakata Berimbuhan - Set 1,10,terpisah,is separated
I1 Kosakata Berimbuhan,I1 Kosakata Berimbuhan - Set 1,11,terpisahkan,is separable
I1 Kosakata Berimbuhan,I1 Kosakata Berimbuhan - Set 1,12,pemisah,separator
I1 Kosakata Berimbuhan,I1 Kosakata Berimbuhan - Set 1,13,pemisahan,"the act/process of separating two or more things, separation of two or more things"
I1 Kosakata Berimbuhan,I1 Kosakata Berimbuhan - Set 1,14,perpisahan,"the act/process of parting ways, separation, farewell"
I1 Kosakata Berimbuhan,I1 Kosakata Berimbuhan - Set 1,15,guna,"for (as a conjunction); the use, the function, the benefit"
I1 Kosakata Berimbuhan,I1 Kosakata Berimbuhan - Set 1,16,berguna,useful
I1 Kosakata Berimbuhan,I1 Kosakata Berimbuhan - Set 1,17,menggunakan,to use
I1 Kosakata Berimbuhan,I1 Kosakata Berimbuhan - Set 1,18,digunakan,to be used
I1 Kosakata Berimbuhan,I1 Kosakata Berimbuhan - Set 1,19,pengguna,user
I1 Kosakata Berimbuhan,I1 Kosakata Berimbuhan - Set 1,20,penggunaan,"the act/process of using, the usage"
I1 Kosakata Berimbuhan,I1 Kosakata Berimbuhan - Set 1,21,"guna, kegunaan","the use, the function, the benefit"
I1 Kosakata Berimbuhan,I1 Kosakata Berimbuhan - Set 1,22,manfaat,the benefit
I1 Kosakata Berimbuhan,I1 Kosakata Berimbuhan - Set 1,23,bermanfaat,beneficial
I1 Kosakata Berimbuhan,I1 Kosakata Berimbuhan - Set 1,24,memanfaatkan,"to make use of, to utilize"
I1 Kosakata Berimbuhan,I1 Kosakata Berimbuhan - Set 1,25,dimanfaatkan,"to be utilized, to be made use of"
I1 Kosakata Berimbuhan,I1 Kosakata Berimbuhan - Set 1,26,pemanfaatan,"the act/process of utilizing, utilization"
I1 Kosakata Berimbuhan,I1 Kosakata Berimbuhan - Set 1,27,mencegah,to prevent (i.e.: to prevent something from happening)
I1 Kosakata Berimbuhan,I1 Kosakata Berimbuhan - Set 1,28,dicegah,to be prevented
I1 Kosakata Berimbuhan,I1 Kosakata Berimbuhan - Set 1,29,tercegah,is prevented; preventable
I1 Kosakata Berimbuhan,I1 Kosakata Berimbuhan - Set 1,30,pencegah,"deterrent, preventer"
I1 Kosakata Berimbuhan,I1 Kosakata Berimbuhan - Set 1,31,pencegahan,"the act/process of preventing, prevention"
I1 Kosakata Berimbuhan,I1 Kosakata Berimbuhan - Set 1,32,untung,profit
I1 Kosakata Berimbuhan,I1 Kosakata Berimbuhan - Set 1,33,beruntung,"lucky, fortunate"
I1 Kosakata Berimbuhan,I1 Kosakata Berimbuhan - Set 1,34,menguntungkan,to benefit something or someone; profitable
I1 Kosakata Berimbuhan,I1 Kosakata Berimbuhan - Set 1,35,diuntungkan,to be benefited
I1 Kosakata Berimbuhan,I1 Kosakata Berimbuhan - Set 1,36,keuntungan,"profit, advantage"
I1 Kosakata Berimbuhan,I1 Kosakata Berimbuhan - Set 1,37,keberuntungan,luck
I1 Kosakata Berimbuhan,I1 Kosakata Berimbuhan - Set 1,38,kumpulan,"a group of, a collection of"
I1 Kosakata Berimbuhan,I1 Kosakata Berimbuhan - Set 1,39,berkumpul,"to get together, to gather"
I1 Kosakata Berimbuhan,I1 Kosakata Berimbuhan - Set 1,40,mengumpulkan,"to collect things, to gather things; to submit (i.e.: homework)"
I1 Kosakata Berimbuhan,I1 Kosakata Berimbuhan - Set 1,41,dikumpulkan,"to be collected, to be gathered; to be submitted (i.e.: homework)"
I1 Kosakata Berimbuhan,I1 Kosakata Berimbuhan - Set 1,42,terkumpul,"is collected, is gathered"
I1 Kosakata Berimbuhan,I1 Kosakata Berimbuhan - Set 1,43,pengumpul,collector
I1 Kosakata Berimbuhan,I1 Kosakata Berimbuhan - Set 1,44,pengumpulan,the act/process of collecting/gathering
I1 Kosakata Berimbuhan,I1 Kosakata Berimbuhan - Set 1,45,perkumpulan,association
I1 Kosakata Berimbuhan,I1 Kosakata Berimbuhan - Set 1,46,(pada) umumnya,"generally, in general"
I1 Kosakata Berimbuhan,I1 Kosakata Berimbuhan - Set 1,47,umum,"general, common; public"
I1 Kosakata Berimbuhan,I1 Kosakata Berimbuhan - Set 1,48,mengumumkan,"to announce, to make public"
I1 Kosakata Berimbuhan,I1 Kosakata Berimbuhan - Set 1,49,diumumkan,"to be announced, to be made public"
I1 Kosakata Berimbuhan,I1 Kosakata Berimbuhan - Set 1,50,pengumuman,"the act/process of announcing, announcement"
I1 Kosakata Berimbuhan,I1 Kosakata Berimbuhan - Set 1,51,menjadi,to become
I1 Kosakata Berimbuhan,I1 Kosakata Berimbuhan - Set 1,52,menjadikan,to make something become
I1 Kosakata Berimbuhan,I1 Kosakata Berimbuhan - Set 1,53,dijadikan,to be made into
I1 Kosakata Berimbuhan,I1 Kosakata Berimbuhan - Set 1,54,terjadi,"to occur, to happen"
I1 Kosakata Berimbuhan,I1 Kosakata Berimbuhan - Set 1,55,kejadian,"incident, occurrence"
I1 Kosakata Berimbuhan,I1 Kosakata Berimbuhan - Set 1,56,kunjungan,"the visit, the visitation"
I1 Kosakata Berimbuhan,I1 Kosakata Berimbuhan - Set 1,57,berkunjung,to visit (intransitive form)
I1 Kosakata Berimbuhan,I1 Kosakata Berimbuhan - Set 1,58,mengunjungi,to visit (a person or a place) (transitive form)
I1 Kosakata Berimbuhan,I1 Kosakata Berimbuhan - Set 1,59,dikunjungi,to be visited
I1 Kosakata Berimbuhan,I1 Kosakata Berimbuhan - Set 1,60,pengunjung,visitor
I1 Kosakata Berimbuhan,I1 Kosakata Berimbuhan - Set 2,1,salah paham,misunderstand
I1 Kosakata Berimbuhan,I1 Kosakata Berimbuhan - Set 2,2,salah,wrong
I1 Kosakata Berimbuhan,I1 Kosakata Berimbuhan - Set 2,3,bersalah,guilty
I1 Kosakata Berimbuhan,I1 Kosakata Berimbuhan - Set 2,4,menyalahi,to violate
I1 Kosakata Berimbuhan,I1 Kosakata Berimbuhan - Set 2,5,menyalahkan,to blame
I1 Kosakata Berimbuhan,I1 Kosakata Berimbuhan - Set 2,6,kesalahan,"error, mistake"
I1 Kosakata Berimbuhan,I1 Kosakata Berimbuhan - Set 2,7,disalahkan,to be blamed
I1 Kosakata Berimbuhan,I1 Kosakata Berimbuhan - Set 2,8,bentuk,"form, shape"
I1 Kosakata Berimbuhan,I1 Kosakata Berimbuhan - Set 2,9,berbentuk,to have a shape
I1 Kosakata Berimbuhan,I1 Kosakata Berimbuhan - Set 2,10,membentuk,"to form, to shape"
I1 Kosakata Berimbuhan,I1 Kosakata Berimbuhan - Set 2,11,terbentuk,"is formed, is shaped"
I1 Kosakata Berimbuhan,I1 Kosakata Berimbuhan - Set 2,12,bentukan,something which is formed/shaped
I1 Kosakata Berimbuhan,I1 Kosakata Berimbuhan - Set 2,13,pembentuk,something or someone that forms/shapes
I1 Kosakata Berimbuhan,I1 Kosakata Berimbuhan - Set 2,14,pembentukan,the act/process of forming
I1 Kosakata Berimbuhan,I1 Kosakata Berimbuhan - Set 2,15,dibentuk,"to be formed, to be shaped"
I1 Kosakata Berimbuhan,I1 Kosakata Berimbuhan - Set 2,16,"amat, teramat",very (similar to 'sangat')
I1 Kosakata Berimbuhan,I1 Kosakata Berimbuhan - Set 2,17,mengamati,to observe
I1 Kosakata Berimbuhan,I1 Kosakata Berimbuhan - Set 2,18,pengamat,observer
I1 Kosakata Berimbuhan,I1 Kosakata Berimbuhan - Set 2,19,pengamatan,"the act/process of observing, observation"
I1 Kosakata Berimbuhan,I1 Kosakata Berimbuhan - Set 2,20,diamati,to be observed
I1 Kosakata Berimbuhan,I1 Kosakata Berimbuhan - Set 2,21,"batas, batasan",limit
I1 Kosakata Berimbuhan,I1 Kosakata Berimbuhan - Set 2,22,berbatas,"to have a border, to have a limit"
I1 Kosakata Berimbuhan,I1 Kosakata Berimbuhan - Set 2,23,berbatasan,"to border (with), be adjacent (with)"
I1 Kosakata Berimbuhan,I1 Kosakata Berimbuhan - Set 2,24,berbataskan,to border with
I1 Kosakata Berimbuhan,I1 Kosakata Berimbuhan - Set 2,25,membatasi,to limit
I1 Kosakata Berimbuhan,I1 Kosakata Berimbuhan - Set 2,26,dibatasi,"to be limited, to be restricted"
I1 Kosakata Berimbuhan,I1 Kosakata Berimbuhan - Set 2,27,terbatas,is limited
I1 Kosakata Berimbuhan,I1 Kosakata Berimbuhan - Set 2,28,perbatasan,border (i.e.: between countries)
I1 Kosakata Berimbuhan,I1 Kosakata Berimbuhan - Set 2,29,pembatas,barrier
I1 Kosakata Berimbuhan,I1 Kosakata Berimbuhan - Set 2,30,pembatasan,the act/process of limiting
I1 Kosakata Berimbuhan,I1 Kosakata Berimbuhan - Set 2,31,keterbatasan,limitation
I1 Kosakata Berimbuhan,I1 Kosakata Berimbuhan - Set 2,32,perang dagang,trade war
I1 Kosakata Berimbuhan,I1 Kosakata Berimbuhan - Set 2,33,hubungan dagang,trade relations
I1 Kosakata Berimbuhan,I1 Kosakata Berimbuhan - Set 2,34,berdagang,"to trade, to earn a living by buying & selling, to deal in such-&-such a commodity"
I1 Kosakata Berimbuhan,I1 Kosakata Berimbuhan - Set 2,35,"mendagangkan, memperdagangkan",to trade something
I1 Kosakata Berimbuhan,I1 Kosakata Berimbuhan - Set 2,36,dagangan,merchandise
I1 Kosakata Berimbuhan,I1 Kosakata Berimbuhan - Set 2,37,pedagang,"trader, merchant"
I1 Kosakata Berimbuhan,I1 Kosakata Berimbuhan - Set 2,38,perdagangan,the trading
I1 Kosakata Berimbuhan,I1 Kosakata Berimbuhan - Set 2,39,"didagangkan, diperdagangkan",to be traded
I1 Kosakata Berimbuhan,I1 Kosakata Berimbuhan - Set 2,40,berlatih,to practice
I1 Kosakata Berimbuhan,I1 Kosakata Berimbuhan - Set 2,41,melatih,to train/coach
I1 Kosakata Berimbuhan,I1 Kosakata Berimbuhan - Set 2,42,terlatih,is trained
I1 Kosakata Berimbuhan,I1 Kosakata Berimbuhan - Set 2,43,latihan,"practice, exercise, training"
I1 Kosakata Berimbuhan,I1 Kosakata Berimbuhan - Set 2,44,pelatih,trainer
I1 Kosakata Berimbuhan,I1 Kosakata Berimbuhan - Set 2,45,pelatihan,the act/process of training/coaching
I1 Kosakata Berimbuhan,I1 Kosakata Berimbuhan - Set 2,46,dilatih,to be trained
I1 Kosakata Berimbuhan,I1 Kosakata Berimbuhan - Set 2,47,berhubungan,"to have relations, related"
I1 Kosakata Berimbuhan,I1 Kosakata Berimbuhan - Set 2,48,menghubungi,to contact
I1 Kosakata Berimbuhan,I1 Kosakata Berimbuhan - Set 2,49,dihubungi,to be contacted
I1 Kosakata Berimbuhan,I1 Kosakata Berimbuhan - Set 2,50,"menghubungkan, memperhubungkan",to connect
I1 Kosakata Berimbuhan,I1 Kosakata Berimbuhan - Set 2,51,dihubungkan,to be connected
I1 Kosakata Berimbuhan,I1 Kosakata Berimbuhan - Set 2,52,hubungan,"relationship, connection"
I1 Kosakata Berimbuhan,I1 Kosakata Berimbuhan - Set 2,53,perhubungan,"connection, relation, everything related to traffic and telecommunications (such as roads, shipping, aviation, post)"
I1 Kosakata Berimbuhan,I1 Kosakata Berimbuhan - Set 2,54,penghubung,"connector, link"
I1 Kosakata Berimbuhan,I1 Kosakata Berimbuhan - Set 2,55,penghubungan,the act/process of connecting
I1 Kosakata Berimbuhan,I1 Kosakata Berimbuhan - Set 2,56,terhubung,is connected
I1 Kosakata Berimbuhan,I1 Kosakata Berimbuhan - Set 2,57,daftar,"list, register"
I1 Kosakata Berimbuhan,I1 Kosakata Berimbuhan - Set 2,58,mendaftar,"to enlist, to sign up (intransitive verb); to make a list of items (transitive verb)"
I1 Kosakata Berimbuhan,I1 Kosakata Berimbuhan - Set 2,59,mendaftarkan,to register/enroll someone/something
I1 Kosakata Berimbuhan,I1 Kosakata Berimbuhan - Set 2,60,terdaftar,"is registered, is listed"
I1 Kosakata Berimbuhan,I1 Kosakata Berimbuhan - Set 2,61,pendaftar,registrant
I1 Kosakata Berimbuhan,I1 Kosakata Berimbuhan - Set 2,62,pendaftaran,"the act/process of registering/listing, registration"
I1 Kosakata Berimbuhan,I1 Kosakata Berimbuhan - Set 2,63,didaftar,"to be put into a list, to be listed"
I1 Kosakata Berimbuhan,I1 Kosakata Berimbuhan - Set 2,64,didaftarkan,to be registered
I1 Kosakata Berimbuhan,I1 Kosakata Berimbuhan - Set 2,65,lengkap,complete
I1 Kosakata Berimbuhan,I1 Kosakata Berimbuhan - Set 2,66,melengkapi,"to complete (i.e.: an incomplete document, form, etc)"
I1 Kosakata Berimbuhan,I1 Kosakata Berimbuhan - Set 2,67,perlengkapan,equipment
I1 Kosakata Berimbuhan,I1 Kosakata Berimbuhan - Set 2,68,memperlengkapi,to equip
I1 Kosakata Berimbuhan,I1 Kosakata Berimbuhan - Set 2,69,pelengkap,"something/someone who completes, complement"
I1 Kosakata Berimbuhan,I1 Kosakata Berimbuhan - Set 2,70,kelengkapan,completeness
I1 Kosakata Berimbuhan,I1 Kosakata Berimbuhan - Set 2,71,dilengkapi,to be completed
I1 Kosakata Berimbuhan,I1 Kosakata Berimbuhan - Set 2,72,diperlengkapi,to be equipped
I1 Kosakata Berimbuhan,I1 Kosakata Berimbuhan - Set 2,73,"sedia, siap",ready
I1 Kosakata Berimbuhan,I1 Kosakata Berimbuhan - Set 2,74,bersedia,willing to
I1 Kosakata Berimbuhan,I1 Kosakata Berimbuhan - Set 2,75,menyediakan,to provide
I1 Kosakata Berimbuhan,I1 Kosakata Berimbuhan - Set 2,76,tersedia,is available
I1 Kosakata Berimbuhan,I1 Kosakata Berimbuhan - Set 2,77,ketersediaan,availability
I1 Kosakata Berimbuhan,I1 Kosakata Berimbuhan - Set 2,78,persediaan,"stock, supply"
I1 Kosakata Berimbuhan,I1 Kosakata Berimbuhan - Set 2,79,penyedia,provider
I1 Kosakata Berimbuhan,I1 Kosakata Berimbuhan - Set 2,80,penyediaan,the act/process of providing
I1 Kosakata Berimbuhan,I1 Kosakata Berimbuhan - Set 2,81,kesediaan,willingness
I1 Kosakata Berimbuhan,I1 Kosakata Berimbuhan - Set 2,82,disediakan,to be provided
I1 Kosakata Berimbuhan,I1 Kosakata Berimbuhan - Set 3,1,awas,"Watch out!; careful, wary"
I1 Kosakata Berimbuhan,I1 Kosakata Berimbuhan - Set 3,2,mengawasi,to keep an eye on; to invigilate
I1 Kosakata Berimbuhan,I1 Kosakata Berimbuhan - Set 3,3,diawasi,"to be watched, to be supervised"
I1 Kosakata Berimbuhan,I1 Kosakata Berimbuhan - Set 3,4,terawasi,"is watched, is supervised"
I1 Kosakata Berimbuhan,I1 Kosakata Berimbuhan - Set 3,5,pengawas,supervisor; invigilator
I1 Kosakata Berimbuhan,I1 Kosakata Berimbuhan - Set 3,6,pengawasan,"supervision, overseeing, monitoring"
I1 Kosakata Berimbuhan,I1 Kosakata Berimbuhan - Set 3,7,hasil,the result
I1 Kosakata Berimbuhan,I1 Kosakata Berimbuhan - Set 3,8,berhasil,successful
I1 Kosakata Berimbuhan,I1 Kosakata Berimbuhan - Set 3,9,keberhasilan,success
I1 Kosakata Berimbuhan,I1 Kosakata Berimbuhan - Set 3,10,menghasilkan,to produce
I1 Kosakata Berimbuhan,I1 Kosakata Berimbuhan - Set 3,11,dihasilkan,to be produced
I1 Kosakata Berimbuhan,I1 Kosakata Berimbuhan - Set 3,12,penghasil,producer
I1 Kosakata Berimbuhan,I1 Kosakata Berimbuhan - Set 3,13,penghasilan,"income, earnings"
I1 Kosakata Berimbuhan,I1 Kosakata Berimbuhan - Set 3,14,pengaruh,influence
I1 Kosakata Berimbuhan,I1 Kosakata Berimbuhan - Set 3,15,berpengaruh,influential
I1 Kosakata Berimbuhan,I1 Kosakata Berimbuhan - Set 3,16,memengaruhi,to influence
I1 Kosakata Berimbuhan,I1 Kosakata Berimbuhan - Set 3,17,dipengaruhi,to be influenced
I1 Kosakata Berimbuhan,I1 Kosakata Berimbuhan - Set 3,18,terpengaruh,"is affected, is influenced"
I1 Kosakata Berimbuhan,I1 Kosakata Berimbuhan - Set 3,19,timbangan,weighing scale
I1 Kosakata Berimbuhan,I1 Kosakata Berimbuhan - Set 3,20,menimbang,to weigh
I1 Kosakata Berimbuhan,I1 Kosakata Berimbuhan - Set 3,21,ditimbang,to be weighed
I1 Kosakata Berimbuhan,I1 Kosakata Berimbuhan - Set 3,22,pertimbangan,consideration
I1 Kosakata Berimbuhan,I1 Kosakata Berimbuhan - Set 3,23,mempertimbangkan,to consider
I1 Kosakata Berimbuhan,I1 Kosakata Berimbuhan - Set 3,24,dipertimbangkan,to be considered
I1 Kosakata Berimbuhan,I1 Kosakata Berimbuhan - Set 3,25,setimbang,balanced
I1 Kosakata Berimbuhan,I1 Kosakata Berimbuhan - Set 3,26,menekan,to press
I1 Kosakata Berimbuhan,I1 Kosakata Berimbuhan - Set 3,27,ditekan,to be pressed
I1 Kosakata Berimbuhan,I1 Kosakata Berimbuhan - Set 3,28,menekankan,to emphasize
I1 Kosakata Berimbuhan,I1 Kosakata Berimbuhan - Set 3,29,ditekankan,to be emphasized
I1 Kosakata Berimbuhan,I1 Kosakata Berimbuhan - Set 3,30,tekanan,pressure
I1 Kosakata Berimbuhan,I1 Kosakata Berimbuhan - Set 3,31,penekan,suppressor
I1 Kosakata Berimbuhan,I1 Kosakata Berimbuhan - Set 3,32,tertekan,is depressed
I1 Kosakata Berimbuhan,I1 Kosakata Berimbuhan - Set 3,33,penekanan,emphasis
I1 Kosakata Berimbuhan,I1 Kosakata Berimbuhan - Set 3,34,ukuran,"size, measurement"
I1 Kosakata Berimbuhan,I1 Kosakata Berimbuhan - Set 3,35,berukuran,has a size
I1 Kosakata Berimbuhan,I1 Kosakata Berimbuhan - Set 3,36,mengukur,to measure
I1 Kosakata Berimbuhan,I1 Kosakata Berimbuhan - Set 3,37,diukur,to be measured
I1 Kosakata Berimbuhan,I1 Kosakata Berimbuhan - Set 3,38,pengukur,the tool or the person that measures
I1 Kosakata Berimbuhan,I1 Kosakata Berimbuhan - Set 3,39,pengukuran,the act/process of measuring
I1 Kosakata Berimbuhan,I1 Kosakata Berimbuhan - Set 3,40,beredar,to circulate (intransitive verb)
I1 Kosakata Berimbuhan,I1 Kosakata Berimbuhan - Set 3,41,"mengedarkan, memperedarkan",to circulate something
I1 Kosakata Berimbuhan,I1 Kosakata Berimbuhan - Set 3,42,"diedarkan, diperedarkan",to be circulated
I1 Kosakata Berimbuhan,I1 Kosakata Berimbuhan - Set 3,43,edaran,circular
I1 Kosakata Berimbuhan,I1 Kosakata Berimbuhan - Set 3,44,pengedar,"dealer, distributor"
I1 Kosakata Berimbuhan,I1 Kosakata Berimbuhan - Set 3,45,peredaran,"circulation, distribution"
I1 Kosakata Berimbuhan,I1 Kosakata Berimbuhan - Set 3,46,adil,"fair, just"
I1 Kosakata Berimbuhan,I1 Kosakata Berimbuhan - Set 3,47,mengadili,to judge
I1 Kosakata Berimbuhan,I1 Kosakata Berimbuhan - Set 3,48,diadili,"to be judged, to be put on trial"
I1 Kosakata Berimbuhan,I1 Kosakata Berimbuhan - Set 3,49,peradilan,justice system
I1 Kosakata Berimbuhan,I1 Kosakata Berimbuhan - Set 3,50,pengadilan,"court, trial"
I1 Kosakata Berimbuhan,I1 Kosakata Berimbuhan - Set 3,51,keadilan,"justice, fairness"
I1 Kosakata Berimbuhan,I1 Kosakata Berimbuhan - Set 3,52,seadil,as fair as
I1 Kosakata Berimbuhan,I1 Kosakata Berimbuhan - Set 3,53,seadil-adilnya,as fair as possible
I1 Kosakata Berimbuhan,I1 Kosakata Berimbuhan - Set 3,54,akibat,"consequence (as a noun); as a consequence of, because of (as a conjunction)"
I1 Kosakata Berimbuhan,I1 Kosakata Berimbuhan - Set 3,55,berakibat,to have a consequence
I1 Kosakata Berimbuhan,I1 Kosakata Berimbuhan - Set 3,56,mengakibatkan,"to cause, to result in"
I1 Kosakata Berimbuhan,I1 Kosakata Berimbuhan - Set 3,57,diakibatkan,to be caused
I1 Kosakata Berimbuhan,I1 Kosakata Berimbuhan - Set 3,58,mendorong,"to push, to encourage"
I1 Kosakata Berimbuhan,I1 Kosakata Berimbuhan - Set 3,59,didorong,"to be pushed, to be encouraged"
I1 Kosakata Berimbuhan,I1 Kosakata Berimbuhan - Set 3,60,terdorong,"is pushed, is encouraged"
I1 Kosakata Berimbuhan,I1 Kosakata Berimbuhan - Set 3,61,dorongan,"an encouragement, a push"
I1 Kosakata Berimbuhan,I1 Kosakata Berimbuhan - Set 3,62,pendorong,pusher
I1 Kosakata Berimbuhan,I1 Kosakata Berimbuhan - Set 4,1,utama,main
I1 Kosakata Berimbuhan,I1 Kosakata Berimbuhan - Set 4,2,mengutamakan,to prioritize
I1 Kosakata Berimbuhan,I1 Kosakata Berimbuhan - Set 4,3,diutamakan,to be prioritized
I1 Kosakata Berimbuhan,I1 Kosakata Berimbuhan - Set 4,4,terutama,especially
I1 Kosakata Berimbuhan,I1 Kosakata Berimbuhan - Set 4,5,pengutamaan,the act/process of prioritizing
I1 Kosakata Berimbuhan,I1 Kosakata Berimbuhan - Set 4,6,keutamaan,"virtue, superiority"
I1 Kosakata Berimbuhan,I1 Kosakata Berimbuhan - Set 4,7,"tumbuh, bertumbuh",to grow
I1 Kosakata Berimbuhan,I1 Kosakata Berimbuhan - Set 4,8,menumbuhi,to grow on
I1 Kosakata Berimbuhan,I1 Kosakata Berimbuhan - Set 4,9,ditumbuhi,to be grown (with)
I1 Kosakata Berimbuhan,I1 Kosakata Berimbuhan - Set 4,10,menumbuhkan,to make something grow
I1 Kosakata Berimbuhan,I1 Kosakata Berimbuhan - Set 4,11,ditumbuhkan,to be made grown
I1 Kosakata Berimbuhan,I1 Kosakata Berimbuhan - Set 4,12,tumbuhan,plant
I1 Kosakata Berimbuhan,I1 Kosakata Berimbuhan - Set 4,13,pertumbuhan,growth
I1 Kosakata Berimbuhan,I1 Kosakata Berimbuhan - Set 4,14,penumbuh,grower
I1 Kosakata Berimbuhan,I1 Kosakata Berimbuhan - Set 4,15,penumbuhan,the act/process of growing something
I1 Kosakata Berimbuhan,I1 Kosakata Berimbuhan - Set 4,16,"tetumbuhan, tumbuh-tumbuhan",vegetation
I1 Kosakata Berimbuhan,I1 Kosakata Berimbuhan - Set 4,17,melarang,"to forbid, to prohibit"
I1 Kosakata Berimbuhan,I1 Kosakata Berimbuhan - Set 4,18,dilarang,"to be forbidden, to be prohibited"
I1 Kosakata Berimbuhan,I1 Kosakata Berimbuhan - Set 4,19,terlarang,"is forbidden, is prohibited"
I1 Kosakata Berimbuhan,I1 Kosakata Berimbuhan - Set 4,20,larangan,"prohibition, restriction (a law or regulation forbidding something)"
I1 Kosakata Berimbuhan,I1 Kosakata Berimbuhan - Set 4,21,pelarangan,the act/process of prohibiting
I1 Kosakata Berimbuhan,I1 Kosakata Berimbuhan - Set 4,22,ingat,remember
I1 Kosakata Berimbuhan,I1 Kosakata Berimbuhan - Set 4,23,"ingat, mengingat",to recall
I1 Kosakata Berimbuhan,I1 Kosakata Berimbuhan - Set 4,24,diingat,to be remembered
I1 Kosakata Berimbuhan,I1 Kosakata Berimbuhan - Set 4,25,mengingatkan,to remind someone
I1 Kosakata Berimbuhan,I1 Kosakata Berimbuhan - Set 4,26,diingatkan,to be reminded
I1 Kosakata Berimbuhan,I1 Kosakata Berimbuhan - Set 4,27,teringat,recalled
I1 Kosakata Berimbuhan,I1 Kosakata Berimbuhan - Set 4,28,ingatan,"memory, recollection"
I1 Kosakata Berimbuhan,I1 Kosakata Berimbuhan - Set 4,29,peringatan,"warning; commemoration, rememberance"
I1 Kosakata Berimbuhan,I1 Kosakata Berimbuhan - Set 4,30,memperingati,to commemorate
I1 Kosakata Berimbuhan,I1 Kosakata Berimbuhan - Set 4,31,diperingati,to be commemorated
I1 Kosakata Berimbuhan,I1 Kosakata Berimbuhan - Set 4,32,memperingatkan,to warn; to reprimand
I1 Kosakata Berimbuhan,I1 Kosakata Berimbuhan - Set 4,33,diperingatkan,to be warned
I1 Kosakata Berimbuhan,I1 Kosakata Berimbuhan - Set 4,34,seingat,as far as one remembers
I1 Kosakata Berimbuhan,I1 Kosakata Berimbuhan - Set 4,35,bersaing,to compete
I1 Kosakata Berimbuhan,I1 Kosakata Berimbuhan - Set 4,36,menyaingi,to rival
I1 Kosakata Berimbuhan,I1 Kosakata Berimbuhan - Set 4,37,tersaingi,is rivaled
I1 Kosakata Berimbuhan,I1 Kosakata Berimbuhan - Set 4,38,"saingan, pesaing","rivals, competitors"
I1 Kosakata Berimbuhan,I1 Kosakata Berimbuhan - Set 4,39,persaingan,"competition, rivalry"
I1 Kosakata Berimbuhan,I1 Kosakata Berimbuhan - Set 4,40,daya saing,competitiveness
I1 Kosakata Berimbuhan,I1 Kosakata Berimbuhan - Set 4,41,disaingi,to be rivaled
I1 Kosakata Berimbuhan,I1 Kosakata Berimbuhan - Set 4,42,menang,win
I1 Kosakata Berimbuhan,I1 Kosakata Berimbuhan - Set 4,43,memenangkan,to win something (must have an object)
I1 Kosakata Berimbuhan,I1 Kosakata Berimbuhan - Set 4,44,dimenangkan,to be won
I1 Kosakata Berimbuhan,I1 Kosakata Berimbuhan - Set 4,45,pemenang,winner
I1 Kosakata Berimbuhan,I1 Kosakata Berimbuhan - Set 4,46,kemenangan,victory
I1 Kosakata Berimbuhan,I1 Kosakata Berimbuhan - Set 4,47,wakil,"vice, deputy; representative"
I1 Kosakata Berimbuhan,I1 Kosakata Berimbuhan - Set 4,48,mewakili,to represent
I1 Kosakata Berimbuhan,I1 Kosakata Berimbuhan - Set 4,49,diwakili,to be represented
I1 Kosakata Berimbuhan,I1 Kosakata Berimbuhan - Set 4,50,perwakilan,representative
I1 Kosakata Berimbuhan,I1 Kosakata Berimbuhan - Set 4,51,biasa,"usual, ordinary, normal"
I1 Kosakata Berimbuhan,I1 Kosakata Berimbuhan - Set 4,52,membiasakan,to get used to
I1 Kosakata Berimbuhan,I1 Kosakata Berimbuhan - Set 4,53,dibiasakan,to be made into a usual/ordinary/normal thing
I1 Kosakata Berimbuhan,I1 Kosakata Berimbuhan - Set 4,54,terbiasa,is get used to
I1 Kosakata Berimbuhan,I1 Kosakata Berimbuhan - Set 4,55,kebiasaan,habit
I1 Kosakata Berimbuhan,I1 Kosakata Berimbuhan - Set 4,56,"biasa, biasanya",usually
I1 Kosakata Berimbuhan,I1 Kosakata Berimbuhan - Set 4,57,halangan,"hindrance, obstacle"
I1 Kosakata Berimbuhan,I1 Kosakata Berimbuhan - Set 4,58,berhalangan,"to have a hindrance/obstacle, unable to"
I1 Kosakata Berimbuhan,I1 Kosakata Berimbuhan - Set 4,59,menghalangi,to hinder
I1 Kosakata Berimbuhan,I1 Kosakata Berimbuhan - Set 4,60,dihalangi,"to be blocked, to be hampered"
I1 Kosakata Berimbuhan,I1 Kosakata Berimbuhan - Set 4,61,terhalang,is hindered
I1 Kosakata Berimbuhan,I1 Kosakata Berimbuhan - Set 4,62,penghalang,"barrier, hindrance"
I1 Kosakata Berimbuhan,I1 Kosakata Berimbuhan - Set 4,63,teliti,"thorough, meticulous"
I1 Kosakata Berimbuhan,I1 Kosakata Berimbuhan - Set 4,64,meneliti,to research; to examine carefully
I1 Kosakata Berimbuhan,I1 Kosakata Berimbuhan - Set 4,65,diteliti,to be researched; to be examined carefully
I1 Kosakata Berimbuhan,I1 Kosakata Berimbuhan - Set 4,66,peneliti,researcher
I1 Kosakata Berimbuhan,I1 Kosakata Berimbuhan - Set 4,67,penelitian,research
I1 Kosakata Berimbuhan,I1 Kosakata Berimbuhan - Set 5,1,bukti,proof
I1 Kosakata Berimbuhan,I1 Kosakata Berimbuhan - Set 5,2,membuktikan,to prove something
I1 Kosakata Berimbuhan,I1 Kosakata Berimbuhan - Set 5,3,dibuktikan,to be proven
I1 Kosakata Berimbuhan,I1 Kosakata Berimbuhan - Set 5,4,terbukti,"is proven, is evident"
I1 Kosakata Berimbuhan,I1 Kosakata Berimbuhan - Set 5,5,pembuktian,"the act/process of proving, corroboration"
I1 Kosakata Berimbuhan,I1 Kosakata Berimbuhan - Set 5,6,anggapan,"assumption, presumption"
I1 Kosakata Berimbuhan,I1 Kosakata Berimbuhan - Set 5,7,beranggapan,to have the assumption
I1 Kosakata Berimbuhan,I1 Kosakata Berimbuhan - Set 5,8,menganggap,"to assume, to presume; to consider/regard something as"
I1 Kosakata Berimbuhan,I1 Kosakata Berimbuhan - Set 5,9,dianggap,to be considered/regarded
I1 Kosakata Berimbuhan,I1 Kosakata Berimbuhan - Set 5,10,menghindar,to dodge
I1 Kosakata Berimbuhan,I1 Kosakata Berimbuhan - Set 5,11,menghindari,"to avoid, to evade"
I1 Kosakata Berimbuhan,I1 Kosakata Berimbuhan - Set 5,12,dihindari,to be avoided/evaded
I1 Kosakata Berimbuhan,I1 Kosakata Berimbuhan - Set 5,13,menghindarkan,"to avoid, to prevent"
I1 Kosakata Berimbuhan,I1 Kosakata Berimbuhan - Set 5,14,dihindarkan,to be avoided/prevented
I1 Kosakata Berimbuhan,I1 Kosakata Berimbuhan - Set 5,15,terhindar,"is avoided/evaded, is spared"
I1 Kosakata Berimbuhan,I1 Kosakata Berimbuhan - Set 5,16,berkaitan,to have a link
I1 Kosakata Berimbuhan,I1 Kosakata Berimbuhan - Set 5,17,mengaitkan,to link
I1 Kosakata Berimbuhan,I1 Kosakata Berimbuhan - Set 5,18,dikaitkan,to be linked
I1 Kosakata Berimbuhan,I1 Kosakata Berimbuhan - Set 5,19,terkait,is linked
I1 Kosakata Berimbuhan,I1 Kosakata Berimbuhan - Set 5,20,keterkaitan,linkage
I1 Kosakata Berimbuhan,I1 Kosakata Berimbuhan - Set 5,21,kaitan,"connection, relation, link"
I1 Kosakata Berimbuhan,I1 Kosakata Berimbuhan - Set 5,22,pengait,something that links
I1 Kosakata Berimbuhan,I1 Kosakata Berimbuhan - Set 5,23,harga,price
I1 Kosakata Berimbuhan,I1 Kosakata Berimbuhan - Set 5,24,berharga,"valuable, precious; to have a price"
I1 Kosakata Berimbuhan,I1 Kosakata Berimbuhan - Set 5,25,menghargai,"to appreciate, to value; to give a price to"
I1 Kosakata Berimbuhan,I1 Kosakata Berimbuhan - Set 5,26,dihargai,"to be appreciated, to be valued; to be given a price"
I1 Kosakata Berimbuhan,I1 Kosakata Berimbuhan - Set 5,27,penghargaan,appreciation
I1 Kosakata Berimbuhan,I1 Kosakata Berimbuhan - Set 5,28,mengelola,to manage
I1 Kosakata Berimbuhan,I1 Kosakata Berimbuhan - Set 5,29,dikelola,to be managed
I1 Kosakata Berimbuhan,I1 Kosakata Berimbuhan - Set 5,30,terkelola,is managed
I1 Kosakata Berimbuhan,I1 Kosakata Berimbuhan - Set 5,31,pengelola,manager
I1 Kosakata Berimbuhan,I1 Kosakata Berimbuhan - Set 5,32,pengelolaan,management
I1 Kosakata Berimbuhan,I1 Kosakata Berimbuhan - Set 5,33,serah terima,handover
I1 Kosakata Berimbuhan,I1 Kosakata Berimbuhan - Set 5,34,menyerah,"to give up, to surrender"
I1 Kosakata Berimbuhan,I1 Kosakata Berimbuhan - Set 5,35,menyerahkan,"to hand in/over, to give"
I1 Kosakata Berimbuhan,I1 Kosakata Berimbuhan - Set 5,36,diserahkan,"to be handed in/over, to be given"
I1 Kosakata Berimbuhan,I1 Kosakata Berimbuhan - Set 5,37,menyerahi,to delegate
I1 Kosakata Berimbuhan,I1 Kosakata Berimbuhan - Set 5,38,diserahi,to be delegated with
I1 Kosakata Berimbuhan,I1 Kosakata Berimbuhan - Set 5,39,terserah,it's up to
I1 Kosakata Berimbuhan,I1 Kosakata Berimbuhan - Set 5,40,penyerahan,the handing in/over of
I1 Kosakata Berimbuhan,I1 Kosakata Berimbuhan - Set 5,41,interaksi,interaction
I1 Kosakata Berimbuhan,I1 Kosakata Berimbuhan - Set 5,42,berinteraksi,to interact
I1 Kosakata Berimbuhan,I1 Kosakata Berimbuhan - Set 5,43,pamer,to show off
I1 Kosakata Berimbuhan,I1 Kosakata Berimbuhan - Set 5,44,memamerkan,to show off something
I1 Kosakata Berimbuhan,I1 Kosakata Berimbuhan - Set 5,45,dipamerkan,"to be showed off, to be on display"
I1 Kosakata Berimbuhan,I1 Kosakata Berimbuhan - Set 5,46,pameran,exhibition
I1 Kosakata Berimbuhan,I1 Kosakata Berimbuhan - Set 5,47,berpameran,to do exhibition
I1 Kosakata Berimbuhan,I1 Kosakata Berimbuhan - Set 5,48,unggul,superior
I1 Kosakata Berimbuhan,I1 Kosakata Berimbuhan - Set 5,49,mengunggulkan,"to feel or show approval or preference for, to favor"
I1 Kosakata Berimbuhan,I1 Kosakata Berimbuhan - Set 5,50,diunggulkan,to be favored
I1 Kosakata Berimbuhan,I1 Kosakata Berimbuhan - Set 5,51,mengungguli,to outperform
I1 Kosakata Berimbuhan,I1 Kosakata Berimbuhan - Set 5,52,diungguli,to be outperformed
I1 Kosakata Berimbuhan,I1 Kosakata Berimbuhan - Set 5,53,unggulan,"the superior, the favored"
I1 Kosakata Berimbuhan,I1 Kosakata Berimbuhan - Set 5,54,keunggulan,"excellence, superiority, virtue"
I1 Kosakata Berimbuhan,I1 Kosakata Berimbuhan - Set 6,1,sepakat,"agreed, unanimous"
I1 Kosakata Berimbuhan,I1 Kosakata Berimbuhan - Set 6,2,bersepakat,to be in an agreement
I1 Kosakata Berimbuhan,I1 Kosakata Berimbuhan - Set 6,3,menyepakati,to agree on
I1 Kosakata Berimbuhan,I1 Kosakata Berimbuhan - Set 6,4,kesepakatan,"deal, agreement"
I1 Kosakata Berimbuhan,I1 Kosakata Berimbuhan - Set 6,5,berlangganan,to subscribe
I1 Kosakata Berimbuhan,I1 Kosakata Berimbuhan - Set 6,6,"pelanggan, langganan",subscriber
I1 Kosakata Berimbuhan,I1 Kosakata Berimbuhan - Set 6,7,berkembang,"is developing, is growing (intransitive)"
I1 Kosakata Berimbuhan,I1 Kosakata Berimbuhan - Set 6,8,mengembangkan,to develop (something)
I1 Kosakata Berimbuhan,I1 Kosakata Berimbuhan - Set 6,9,dikembangkan,to be developed
I1 Kosakata Berimbuhan,I1 Kosakata Berimbuhan - Set 6,10,perkembangan,development (the act/process of something that develops)
I1 Kosakata Berimbuhan,I1 Kosakata Berimbuhan - Set 6,11,pengembang,developer
I1 Kosakata Berimbuhan,I1 Kosakata Berimbuhan - Set 6,12,pengembangan,development (the act/process of developing something)
I1 Kosakata Berimbuhan,I1 Kosakata Berimbuhan - Set 6,13,melibatkan,to involve someone or something
I1 Kosakata Berimbuhan,I1 Kosakata Berimbuhan - Set 6,14,dilibatkan,to be involved
I1 Kosakata Berimbuhan,I1 Kosakata Berimbuhan - Set 6,15,terlibat,is involved
I1 Kosakata Berimbuhan,I1 Kosakata Berimbuhan - Set 6,16,keterlibatan,involvement
I1 Kosakata Berimbuhan,I1 Kosakata Berimbuhan - Set 6,17,menyumbang,"to donate, to contribute"
I1 Kosakata Berimbuhan,I1 Kosakata Berimbuhan - Set 6,18,disumbang,to be donated
I1 Kosakata Berimbuhan,I1 Kosakata Berimbuhan - Set 6,19,sumbangan,donation
I1 Kosakata Berimbuhan,I1 Kosakata Berimbuhan - Set 6,20,penyumbang,"contributor, donor"
I1 Kosakata Berimbuhan,I1 Kosakata Berimbuhan - Set 6,21,menantang,challenging; to challenge
I1 Kosakata Berimbuhan,I1 Kosakata Berimbuhan - Set 6,22,ditantang,to be challenged
I1 Kosakata Berimbuhan,I1 Kosakata Berimbuhan - Set 6,23,tertantang,is challenged
I1 Kosakata Berimbuhan,I1 Kosakata Berimbuhan - Set 6,24,tantangan,challenge
I1 Kosakata Berimbuhan,I1 Kosakata Berimbuhan - Set 6,25,penantang,challenger
I1 Kosakata Berimbuhan,I1 Kosakata Berimbuhan - Set 6,26,hadapan,"face, front, presence"
I1 Kosakata Berimbuhan,I1 Kosakata Berimbuhan - Set 6,27,berhadapan,to face each other
I1 Kosakata Berimbuhan,I1 Kosakata Berimbuhan - Set 6,28,menghadap,"to appear before, to face, facing"
I1 Kosakata Berimbuhan,I1 Kosakata Berimbuhan - Set 6,29,menghadapi,"to face something, to encounter"
I1 Kosakata Berimbuhan,I1 Kosakata Berimbuhan - Set 6,30,dihadapi,"to be faced, to be encountered"
I1 Kosakata Berimbuhan,I1 Kosakata Berimbuhan - Set 6,31,terhadap,"towards, about"
I1 Kosakata Berimbuhan,I1 Kosakata Berimbuhan - Set 6,32,membalas,"to reply, to retaliate"
I1 Kosakata Berimbuhan,I1 Kosakata Berimbuhan - Set 6,33,dibalas,to be replied; to be retaliated
I1 Kosakata Berimbuhan,I1 Kosakata Berimbuhan - Set 6,34,balasan,"reply, response"
I1 Kosakata Berimbuhan,I1 Kosakata Berimbuhan - Set 6,35,pembalasan,"the act/process of retaliating, retaliation"
I1 Kosakata Berimbuhan,I1 Kosakata Berimbuhan - Set 6,36,sebab,"because; cause, reason"
I1 Kosakata Berimbuhan,I1 Kosakata Berimbuhan - Set 6,37,menyebabkan,to cause
I1 Kosakata Berimbuhan,I1 Kosakata Berimbuhan - Set 6,38,disebabkan,to be caused
I1 Kosakata Berimbuhan,I1 Kosakata Berimbuhan - Set 6,39,penyebab,the cause
I1 Kosakata Berimbuhan,I1 Kosakata Berimbuhan - Set 6,40,raya,"great (limited usage, i.e.: day --; street --)"
I1 Kosakata Berimbuhan,I1 Kosakata Berimbuhan - Set 6,41,merayakan,to celebrate
I1 Kosakata Berimbuhan,I1 Kosakata Berimbuhan - Set 6,42,dirayakan,to be celebrated
I1 Kosakata Berimbuhan,I1 Kosakata Berimbuhan - Set 6,43,perayaan,celebration
I1 Kosakata Berimbuhan,I1 Kosakata Berimbuhan - Set 7,1,berbeda,different
I1 Kosakata Berimbuhan,I1 Kosakata Berimbuhan - Set 7,2,membedakan,"to distinguish, to differentiate"
I1 Kosakata Berimbuhan,I1 Kosakata Berimbuhan - Set 7,3,dibedakan,"to be distinguished, to be differentiated"
I1 Kosakata Berimbuhan,I1 Kosakata Berimbuhan - Set 7,4,perbedaan,difference
I1 Kosakata Berimbuhan,I1 Kosakata Berimbuhan - Set 7,5,memiliki,"to have, to own, to possess"
I1 Kosakata Berimbuhan,I1 Kosakata Berimbuhan - Set 7,6,dimiliki,to be owned
I1 Kosakata Berimbuhan,I1 Kosakata Berimbuhan - Set 7,7,pemilik,owner
I1 Kosakata Berimbuhan,I1 Kosakata Berimbuhan - Set 7,8,kepemilikan,ownership
I1 Kosakata Berimbuhan,I1 Kosakata Berimbuhan - Set 7,9,terjemahan,translation
I1 Kosakata Berimbuhan,I1 Kosakata Berimbuhan - Set 7,10,menerjemahkan,to translate something
I1 Kosakata Berimbuhan,I1 Kosakata Berimbuhan - Set 7,11,berbicara,"to talk, to speak"
I1 Kosakata Berimbuhan,I1 Kosakata Berimbuhan - Set 7,12,membicarakan,to talk about
I1 Kosakata Berimbuhan,I1 Kosakata Berimbuhan - Set 7,13,menuju,heading towards
I1 Kosakata Berimbuhan,I1 Kosakata Berimbuhan - Set 7,14,tujuan,destination
I1 Kosakata Berimbuhan,I1 Kosakata Berimbuhan - Set 7,15,bertujuan,"to have the purpose, to aim"
I1 Kosakata Berimbuhan,I1 Kosakata Berimbuhan - Set 7,16,bingung,confused
I1 Kosakata Berimbuhan,I1 Kosakata Berimbuhan - Set 7,17,membingungkan,confusing
I1 Kosakata Berimbuhan,I1 Kosakata Berimbuhan - Set 7,18,tanggung jawab,responsibility
I1 Kosakata Berimbuhan,I1 Kosakata Berimbuhan - Set 7,19,bertanggung jawab,to be responsible
I1 Kosakata Berimbuhan,I1 Kosakata Berimbuhan - Set 7,20,melaksanakan,"to carry out, to do"
I1 Kosakata Berimbuhan,I1 Kosakata Berimbuhan - Set 7,21,dilaksanakan,"to be carried out, to be done"
I1 Kosakata Berimbuhan,I1 Kosakata Berimbuhan - Set 7,22,mampu,"afford, capable"
I1 Kosakata Berimbuhan,I1 Kosakata Berimbuhan - Set 7,23,kemampuan,ability
I1 Kosakata Berimbuhan,I1 Kosakata Berimbuhan - Set 7,24,kecanduan,addicted; addiction
I1 Kosakata Berimbuhan,I1 Kosakata Berimbuhan - Set 7,25,pecandu,addict
I1 Kosakata Berimbuhan,I1 Kosakata Berimbuhan - Set 7,26,saksi,witness
I1 Kosakata Berimbuhan,I1 Kosakata Berimbuhan - Set 7,27,kesaksian,testimony
I1 Kosakata Berimbuhan,I1 Kosakata Berimbuhan - Set 7,28,menyaksikan,to witness; to watch
I1 Kosakata Berimbuhan,I1 Kosakata Berimbuhan - Set 7,29,jadwal,schedule
I1 Kosakata Berimbuhan,I1 Kosakata Berimbuhan - Set 7,30,dijadwalkan,to be scheduled
I1 Kosakata Berimbuhan,I1 Kosakata Berimbuhan - Set 7,31,waspada,"to be alert, to be cautious"
I1 Kosakata Berimbuhan,I1 Kosakata Berimbuhan - Set 7,32,kewaspadaan,alertness
I1 Kosakata Berimbuhan,I1 Kosakata Berimbuhan - Set 7,33,memperbaiki,"to fix, to repair, to improve"
I1 Kosakata Berimbuhan,I1 Kosakata Berimbuhan - Set 7,34,diperbaiki,"to be fixed, to be repaired, to be improved"
I1 Kosakata Berimbuhan,I1 Kosakata Berimbuhan - Set 7,35,perbaikan,"reparation, improvement"
I1 Kosakata Berimbuhan,I1 Kosakata Berimbuhan - Set 7,36,kebaikan,goodness; kindness
I1 Kosakata Berimbuhan,I1 Kosakata Berimbuhan - Set 7,37,seimbang,balanced
I1 Kosakata Berimbuhan,I1 Kosakata Berimbuhan - Set 7,38,keseimbangan,balance
I1 Kosakata Berimbuhan,I1 Kosakata Berimbuhan - Set 7,39,menyatakan,"to declare, to state"
I1 Kosakata Berimbuhan,I1 Kosakata Berimbuhan - Set 7,40,dinyatakan,"to be declared, to be stated"
I1 Kosakata Berimbuhan,I1 Kosakata Berimbuhan - Set 7,41,kenyataan,reality
I1 Kosakata Berimbuhan,I1 Kosakata Berimbuhan - Set 7,42,membandingkan,to compare
I1 Kosakata Berimbuhan,I1 Kosakata Berimbuhan - Set 7,43,dibandingkan,to be compared
I1 Kosakata Berimbuhan,I1 Kosakata Berimbuhan - Set 7,44,perbandingan,"ratio, comparison"
I1 Kosakata Berimbuhan,I1 Kosakata Berimbuhan - Set 7,45,dampak,impact
I1 Kosakata Berimbuhan,I1 Kosakata Berimbuhan - Set 7,46,berdampak,has an impact
I1 Kosakata Berimbuhan,I1 Kosakata Berimbuhan - Set 7,47,mendapatkan,"to obtain, to get"
I1 Kosakata Berimbuhan,I1 Kosakata Berimbuhan - Set 7,48,didapatkan,to be obtained
I1 Kosakata Berimbuhan,I1 Kosakata Berimbuhan - Set 7,49,terdapat,there is/are
I1 Kosakata Berimbuhan,I1 Kosakata Berimbuhan - Set 7,50,pendapat,opinion
I1 Kosakata Berimbuhan,I1 Kosakata Berimbuhan - Set 7,51,pendapatan,income
I1 Kosakata Berimbuhan,I1 Kosakata Berimbuhan - Set 7,52,dekat,"close, nearby"
I1 Kosakata Berimbuhan,I1 Kosakata Berimbuhan - Set 7,53,mendekati,approaching; to approach
I1 Kosakata Berimbuhan,I1 Kosakata Berimbuhan - Set 7,54,pendekatan,approach
I1 Kosakata Berimbuhan,I1 Kosakata Berimbuhan - Set 8,1,dasar,base
I1 Kosakata Berimbuhan,I1 Kosakata Berimbuhan - Set 8,2,berdasarkan,based on
I1 Kosakata Berimbuhan,I1 Kosakata Berimbuhan - Set 8,3,mendasari,to underlie
I1 Kosakata Berimbuhan,I1 Kosakata Berimbuhan - Set 8,4,didasari,to be based on
I1 Kosakata Berimbuhan,I1 Kosakata Berimbuhan - Set 8,5,atas,"above, top"
I1 Kosakata Berimbuhan,I1 Kosakata Berimbuhan - Set 8,6,mengatasi,to overcome (eg a problem)
I1 Kosakata Berimbuhan,I1 Kosakata Berimbuhan - Set 8,7,diatasi,to be overcome
I1 Kosakata Berimbuhan,I1 Kosakata Berimbuhan - Set 8,8,teratasi,is resolved
I1 Kosakata Berimbuhan,I1 Kosakata Berimbuhan - Set 8,9,tentu,of course
I1 Kosakata Berimbuhan,I1 Kosakata Berimbuhan - Set 8,10,menentukan,to determine
I1 Kosakata Berimbuhan,I1 Kosakata Berimbuhan - Set 8,11,ditentukan,to be determined
I1 Kosakata Berimbuhan,I1 Kosakata Berimbuhan - Set 8,12,tertentu,certain
I1 Kosakata Berimbuhan,I1 Kosakata Berimbuhan - Set 8,13,ketentuan,"terms, regulation"
I1 Kosakata Berimbuhan,I1 Kosakata Berimbuhan - Set 8,14,terampil,skilled
I1 Kosakata Berimbuhan,I1 Kosakata Berimbuhan - Set 8,15,keterampilan,skill
I1 Kosakata Berimbuhan,I1 Kosakata Berimbuhan - Set 8,16,banyak,"many, much, a lot"
I1 Kosakata Berimbuhan,I1 Kosakata Berimbuhan - Set 8,17,kebanyakan,"most of, the majority of"
I1 Kosakata Berimbuhan,I1 Kosakata Berimbuhan - Set 8,18,terbanyak,the most
I1 Kosakata Berimbuhan,I1 Kosakata Berimbuhan - Set 8,19,pandangan,view
I1 Kosakata Berimbuhan,I1 Kosakata Berimbuhan - Set 8,20,memandang,"to view, to look at, to gaze at; to consider/regard"
I1 Kosakata Berimbuhan,I1 Kosakata Berimbuhan - Set 8,21,dipandang,to be viewed; to be considered/regarded
I1 Kosakata Berimbuhan,I1 Kosakata Berimbuhan - Set 8,22,terpandang,is respected
I1 Kosakata Berimbuhan,I1 Kosakata Berimbuhan - Set 8,23,pemandangan,"view, scenery"
I1 Kosakata Berimbuhan,I1 Kosakata Berimbuhan - Set 8,24,maju,forward
I1 Kosakata Berimbuhan,I1 Kosakata Berimbuhan - Set 8,25,memajukan,"to advance, to develop"
I1 Kosakata Berimbuhan,I1 Kosakata Berimbuhan - Set 8,26,kemajuan,progress
I1 Kosakata Berimbuhan,I1 Kosakata Berimbuhan - Set 8,27,fungsi,function
I1 Kosakata Berimbuhan,I1 Kosakata Berimbuhan - Set 8,28,berfungsi,"to have a function; functional, working"
I1 Kosakata Berimbuhan,I1 Kosakata Berimbuhan - Set 8,29,membangun,to build
I1 Kosakata Berimbuhan,I1 Kosakata Berimbuhan - Set 8,30,dibangun,to be built
I1 Kosakata Berimbuhan,I1 Kosakata Berimbuhan - Set 8,31,pembangunan,development; construction
I1 Kosakata Berimbuhan,I1 Kosakata Berimbuhan - Set 8,32,tindakan,"act, action"
I1 Kosakata Berimbuhan,I1 Kosakata Berimbuhan - Set 8,33,menindak,to take action against
I1 Kosakata Berimbuhan,I1 Kosakata Berimbuhan - Set 8,34,ditindak,"to be taken action, to be persecuted"
I1 Kosakata Berimbuhan,I1 Kosakata Berimbuhan - Set 8,35,muka,face
I1 Kosakata Berimbuhan,I1 Kosakata Berimbuhan - Set 8,36,mengemukakan,"to put forward, to express"
I1 Kosakata Berimbuhan,I1 Kosakata Berimbuhan - Set 8,37,dikemukakan,"to be put forward, to be expressed"
I1 Kosakata Berimbuhan,I1 Kosakata Berimbuhan - Set 8,38,terkemuka,"leading, prominent"
I1 Kosakata Berimbuhan,I1 Kosakata Berimbuhan - Set 8,39,dugaan,guess
I1 Kosakata Berimbuhan,I1 Kosakata Berimbuhan - Set 8,40,menduga,to guess
I1 Kosakata Berimbuhan,I1 Kosakata Berimbuhan - Set 8,41,diduga,to be suspected
I1 Kosakata Berimbuhan,I1 Kosakata Berimbuhan - Set 8,42,terduga,is suspected
I1 Kosakata Berimbuhan,I1 Kosakata Berimbuhan - Set 8,43,dalih,"excuse, pretext"
I1 Kosakata Berimbuhan,I1 Kosakata Berimbuhan - Set 8,44,berdalih,to quibble
I1 Kosakata Berimbuhan,I1 Kosakata Berimbuhan - Set 8,45,segel,seal
I1 Kosakata Berimbuhan,I1 Kosakata Berimbuhan - Set 8,46,menyegel,to seal
I1 Kosakata Berimbuhan,I1 Kosakata Berimbuhan - Set 8,47,membakar,to burn something
I1 Kosakata Berimbuhan,I1 Kosakata Berimbuhan - Set 8,48,dibakar,to be burned
I1 Kosakata Berimbuhan,I1 Kosakata Berimbuhan - Set 8,49,kebakaran,a fire (the event of a fire)
I1 Kosakata Berimbuhan,I1 Kosakata Berimbuhan - Set 8,50,pembakaran,the act/process of burning
I1 Kosakata Berimbuhan,I1 Kosakata Berimbuhan - Set 8,51,usaha,effort; business
I1 Kosakata Berimbuhan,I1 Kosakata Berimbuhan - Set 8,52,pengusaha,entrepreneur
I1 Kosakata Berimbuhan,I1 Kosakata Berimbuhan - Set 8,53,mengusahakan,to try to make something work
I1 Kosakata Berimbuhan,I1 Kosakata Berimbuhan - Set 8,54,diusahakan,to be made into working
I1 Kosakata Berimbuhan,I1 Kosakata Berimbuhan - Set 8,55,ancaman,threat
I1 Kosakata Berimbuhan,I1 Kosakata Berimbuhan - Set 8,56,mengancam,to threat
I1 Kosakata Berimbuhan,I1 Kosakata Berimbuhan - Set 8,57,diancam,to be threatened
I1 Kosakata Berimbuhan,I1 Kosakata Berimbuhan - Set 8,58,terancam,threatened
I1 Kosakata Berimbuhan,I1 Kosakata Berimbuhan - Set 8,59,pimpinan,leader
I1 Kosakata Berimbuhan,I1 Kosakata Berimbuhan - Set 8,60,memimpin,to lead
I1 Kosakata Berimbuhan,I1 Kosakata Berimbuhan - Set 8,61,dipimpin,to be led
I1 Kosakata Berimbuhan,I1 Kosakata Berimbuhan - Set 8,62,kepemimpinan,leadership
I1 Kosakata Berimbuhan,I1 Kosakata Berimbuhan - Set 8,63,wujud,actual form
I1 Kosakata Berimbuhan,I1 Kosakata Berimbuhan - Set 8,64,mewujudkan,to actualize
I1 Kosakata Berimbuhan,I1 Kosakata Berimbuhan - Set 8,65,diwujudkan,to be actualized
I1 Kosakata Berimbuhan,I1 Kosakata Berimbuhan - Set 8,66,perwujudan,"actualization, embodiment"
I1 Kosakata Berimbuhan,I1 Kosakata Berimbuhan - Set 9,1,menunjuk,to point; to appoint
I1 Kosakata Berimbuhan,I1 Kosakata Berimbuhan - Set 9,2,ditunjuk,to be pointed; to be appointed
I1 Kosakata Berimbuhan,I1 Kosakata Berimbuhan - Set 9,3,pertunjukan,show
I1 Kosakata Berimbuhan,I1 Kosakata Berimbuhan - Set 9,4,mengangkat,to lift something up
I1 Kosakata Berimbuhan,I1 Kosakata Berimbuhan - Set 9,5,diangkat,to be lifted up
I1 Kosakata Berimbuhan,I1 Kosakata Berimbuhan - Set 9,6,isi,contents
I1 Kosakata Berimbuhan,I1 Kosakata Berimbuhan - Set 9,7,berisi,to contain
I1 Kosakata Berimbuhan,I1 Kosakata Berimbuhan - Set 9,8,mengisi,to fill
I1 Kosakata Berimbuhan,I1 Kosakata Berimbuhan - Set 9,9,diisi,to be filled
I1 Kosakata Berimbuhan,I1 Kosakata Berimbuhan - Set 9,10,pengisi,filler
I1 Kosakata Berimbuhan,I1 Kosakata Berimbuhan - Set 9,11,harapan,hope
I1 Kosakata Berimbuhan,I1 Kosakata Berimbuhan - Set 9,12,berharap,to have hope
I1 Kosakata Berimbuhan,I1 Kosakata Berimbuhan - Set 9,13,mengharapkan,to expect; to hope for
I1 Kosakata Berimbuhan,I1 Kosakata Berimbuhan - Set 9,14,diharapkan,to be expected; to be hoped for
I1 Kosakata Berimbuhan,I1 Kosakata Berimbuhan - Set 9,15,merawat,to take care of; to treat
I1 Kosakata Berimbuhan,I1 Kosakata Berimbuhan - Set 9,16,dirawat,to be taken care of; to be treated
I1 Kosakata Berimbuhan,I1 Kosakata Berimbuhan - Set 9,17,perawat,nurse
I1 Kosakata Berimbuhan,I1 Kosakata Berimbuhan - Set 9,18,perawatan,treatment (nursing)
I1 Kosakata Berimbuhan,I1 Kosakata Berimbuhan - Set 9,19,timbul,arise
I1 Kosakata Berimbuhan,I1 Kosakata Berimbuhan - Set 9,20,menimbulkan,to cause something to occur
I1 Kosakata Berimbuhan,I1 Kosakata Berimbuhan - Set 9,21,ditimbulkan,to be caused
I1 Kosakata Berimbuhan,I1 Kosakata Berimbuhan - Set 9,22,mengaku,"to confess, to admit (intransitive verb)"
I1 Kosakata Berimbuhan,I1 Kosakata Berimbuhan - Set 9,23,mengakui,"to admit something, to acknowledge something or someone"
I1 Kosakata Berimbuhan,I1 Kosakata Berimbuhan - Set 9,24,diakui,to be acknowledged
I1 Kosakata Berimbuhan,I1 Kosakata Berimbuhan - Set 9,25,pengakuan,confession; recognition
I1 Kosakata Berimbuhan,I1 Kosakata Berimbuhan - Set 9,26,obat,"drug, medicine"
I1 Kosakata Berimbuhan,I1 Kosakata Berimbuhan - Set 9,27,mengobati,to treat with medicine
I1 Kosakata Berimbuhan,I1 Kosakata Berimbuhan - Set 9,28,diobati,to be treated medically
I1 Kosakata Berimbuhan,I1 Kosakata Berimbuhan - Set 9,29,terobati,is treated; is already treated; can be treated
I1 Kosakata Berimbuhan,I1 Kosakata Berimbuhan - Set 9,30,pengobatan,medical treatment
I1 Kosakata Berimbuhan,I1 Kosakata Berimbuhan - Set 9,31,bertemu,to meet
I1 Kosakata Berimbuhan,I1 Kosakata Berimbuhan - Set 9,32,menemukan,to find; to discover; to invent
I1 Kosakata Berimbuhan,I1 Kosakata Berimbuhan - Set 9,33,ditemukan,to be found; to be discovered; to be invented
I1 Kosakata Berimbuhan,I1 Kosakata Berimbuhan - Set 9,34,menemui,to meet with
I1 Kosakata Berimbuhan,I1 Kosakata Berimbuhan - Set 9,35,ditemui,to be met
I1 Kosakata Berimbuhan,I1 Kosakata Berimbuhan - Set 9,36,penemu,inventor
I1 Kosakata Berimbuhan,I1 Kosakata Berimbuhan - Set 9,37,penemuan,invention
I1 Kosakata Berimbuhan,I1 Kosakata Berimbuhan - Set 9,38,temuan,findings
I1 Kosakata Berimbuhan,I1 Kosakata Berimbuhan - Set 9,39,hilang,dissapear; missing
I1 Kosakata Berimbuhan,I1 Kosakata Berimbuhan - Set 9,40,menghilangkan,to remove
I1 Kosakata Berimbuhan,I1 Kosakata Berimbuhan - Set 9,41,dihilangkan,to be removed
I1 Kosakata Berimbuhan,I1 Kosakata Berimbuhan - Set 9,42,kehilangan,to lose something
I1 Kosakata Berimbuhan,I1 Kosakata Berimbuhan - Set 9,43,hadir,present
I1 Kosakata Berimbuhan,I1 Kosakata Berimbuhan - Set 9,44,menghadiri,to attend
I1 Kosakata Berimbuhan,I1 Kosakata Berimbuhan - Set 9,45,dihadiri,to be attended
I1 Kosakata Berimbuhan,I1 Kosakata Berimbuhan - Set 9,46,kehadiran,presence
I1 Kosakata Berimbuhan,I1 Kosakata Berimbuhan - Set 9,47,selamat,safe; congratulations
I1 Kosakata Berimbuhan,I1 Kosakata Berimbuhan - Set 9,48,menyelamatkan,"to save, to rescue"
I1 Kosakata Berimbuhan,I1 Kosakata Berimbuhan - Set 9,49,diselamatkan,"to be saved, to be rescued"
I1 Kosakata Berimbuhan,I1 Kosakata Berimbuhan - Set 9,50,keselamatan,safety
I1 Kosakata Berimbuhan,I1 Kosakata Berimbuhan - Set 9,51,penyelamatan,rescue
I1 Kosakata Berimbuhan,I1 Kosakata Berimbuhan - Set 9,52,upaya,effort
I1 Kosakata Berimbuhan,I1 Kosakata Berimbuhan - Set 9,53,berupaya,to make an effort
I1 Kosakata Berimbuhan,I1 Kosakata Berimbuhan - Set 9,54,mengupayakan,"to make an effort to make something happen, to strive for"
I1 Kosakata Berimbuhan,I1 Kosakata Berimbuhan - Set 9,55,diupayakan,to be striven for
I1 Kosakata Berimbuhan,I1 Kosakata Berimbuhan - Set 9,56,berlaku,"applies, valid"
I1 Kosakata Berimbuhan,I1 Kosakata Berimbuhan - Set 9,57,melakukan,to do something
I1 Kosakata Berimbuhan,I1 Kosakata Berimbuhan - Set 9,58,dilakukan,to be done by somebody
I1 Kosakata Berimbuhan,I1 Kosakata Berimbuhan - Set 9,59,perlakuan,treatment (the manner in which someone behaves towards or deals with someone or something)
I1 Kosakata Berimbuhan,I1 Kosakata Berimbuhan - Set 9,60,memberlakukan,"to impose, to put into effect, to implement"
I1 Kosakata Berimbuhan,I1 Kosakata Berimbuhan - Set 9,61,diberlakukan,"to be imposed, to be put into effect, to be implemented"
I1 Kosakata Berimbuhan,I1 Kosakata Berimbuhan - Set 9,62,pemberlakuan,"the implementation, the imposition"
I1 Kosakata Berimbuhan,I1 Kosakata Berimbuhan - Set 9,63,jaminan,guarantee
I1 Kosakata Berimbuhan,I1 Kosakata Berimbuhan - Set 9,64,menjamin,"to ensure, to guarantee"
I1 Kosakata Berimbuhan,I1 Kosakata Berimbuhan - Set 9,65,dijamin,to be guaranteed
I1 Kosakata Berimbuhan,I1 Kosakata Berimbuhan - Set 9,66,terjamin,is guaranteed
I1 Kosakata Berimbuhan,I1 Kosakata Berimbuhan - Set 9,67,mencemari,"to pollute, to contaminate"
I1 Kosakata Berimbuhan,I1 Kosakata Berimbuhan - Set 9,68,dicemari,"to be polluted, to be contaminated"
I1 Kosakata Berimbuhan,I1 Kosakata Berimbuhan - Set 9,69,kandungan,content; womb
I1 Kosakata Berimbuhan,I1 Kosakata Berimbuhan - Set 9,70,mengandung,to contain; pregnant
I1 Kosakata Berimbuhan,I1 Kosakata Berimbuhan - Set 9,71,terkandung,is contained
I1 Kosakata Berimbuhan,I1 Kosakata Berimbuhan - Set 9,72,racun,poison
I1 Kosakata Berimbuhan,I1 Kosakata Berimbuhan - Set 9,73,beracun,"poisonous, toxic"
I1 Kosakata Berimbuhan,I1 Kosakata Berimbuhan - Set 9,74,meracuni,to poison
I1 Kosakata Berimbuhan,I1 Kosakata Berimbuhan - Set 9,75,keracunan,"to suffer from poisoning, poisoned"
I1 Kosakata Berimbuhan,I1 Kosakata Berimbuhan - Set 9,76,"minta, meminta","to ask for something, to request"
I1 Kosakata Berimbuhan,I1 Kosakata Berimbuhan - Set 9,77,diminta,to be requested
I1 Kosakata Berimbuhan,I1 Kosakata Berimbuhan - Set 9,78,permintaan,"request, demand"
I1 Kosakata Berimbuhan,I1 Kosakata Berimbuhan - Set 9,79,tanaman,plant
I1 Kosakata Berimbuhan,I1 Kosakata Berimbuhan - Set 9,80,menanam,to plant
I1 Kosakata Berimbuhan,I1 Kosakata Berimbuhan - Set 9,81,ditanam,to be planted
I1 Kosakata Berimbuhan,I1 Kosakata Berimbuhan - Set 9,82,penanaman,the planting/investing of
I1 Kosakata Berimbuhan,I1 Kosakata Berimbuhan - Set 10,1,diperluas,to be expanded
I1 Kosakata Berimbuhan,I1 Kosakata Berimbuhan - Set 10,2,kurang,"not enough, insufficient; lack of; less than"
I1 Kosakata Berimbuhan,I1 Kosakata Berimbuhan - Set 10,3,berkurang,"reduced, decrease"
I1 Kosakata Berimbuhan,I1 Kosakata Berimbuhan - Set 10,4,mengurangi,"to reduce, to decrease"
I1 Kosakata Berimbuhan,I1 Kosakata Berimbuhan - Set 10,5,dikurangi,"to be reduced, to be decreased"
I1 Kosakata Berimbuhan,I1 Kosakata Berimbuhan - Set 10,6,pengurangan,"reduction, subtraction"
I1 Kosakata Berimbuhan,I1 Kosakata Berimbuhan - Set 10,7,kekurangan,"deficiency, shortage"
I1 Kosakata Berimbuhan,I1 Kosakata Berimbuhan - Set 10,8,berjualan,to sell/trade for a living
I1 Kosakata Berimbuhan,I1 Kosakata Berimbuhan - Set 10,9,menjual,to sell
I1 Kosakata Berimbuhan,I1 Kosakata Berimbuhan - Set 10,10,dijual,to be sold
I1 Kosakata Berimbuhan,I1 Kosakata Berimbuhan - Set 10,11,terjual,is sold
I1 Kosakata Berimbuhan,I1 Kosakata Berimbuhan - Set 10,12,penjual,"seller, vendor"
I1 Kosakata Berimbuhan,I1 Kosakata Berimbuhan - Set 10,13,penjualan,sales
I1 Kosakata Berimbuhan,I1 Kosakata Berimbuhan - Set 10,14,membuang,"to throw away, to discard"
I1 Kosakata Berimbuhan,I1 Kosakata Berimbuhan - Set 10,15,dibuang,"to be thrown away, to be discarded"
I1 Kosakata Berimbuhan,I1 Kosakata Berimbuhan - Set 10,16,terbuang,"is thrown away, is discarded"
I1 Kosakata Berimbuhan,I1 Kosakata Berimbuhan - Set 10,17,pembuangan,"disposal, removal"
I1 Kosakata Berimbuhan,I1 Kosakata Berimbuhan - Set 10,18,memicu,to trigger
I1 Kosakata Berimbuhan,I1 Kosakata Berimbuhan - Set 10,19,dipicu,to be triggered
I1 Kosakata Berimbuhan,I1 Kosakata Berimbuhan - Set 10,20,terpicu,is triggered
I1 Kosakata Berimbuhan,I1 Kosakata Berimbuhan - Set 10,21,pemicu,the trigger
I1 Kosakata Berimbuhan,I1 Kosakata Berimbuhan - Set 10,22,merusak,"to damage, to ruin"
I1 Kosakata Berimbuhan,I1 Kosakata Berimbuhan - Set 10,23,dirusak,"to be damaged, to be broken"
I1 Kosakata Berimbuhan,I1 Kosakata Berimbuhan - Set 10,24,perusak,something or someone that damages
I1 Kosakata Berimbuhan,I1 Kosakata Berimbuhan - Set 10,25,kerusakan,damage
I1 Kosakata Berimbuhan,I1 Kosakata Berimbuhan - Set 10,26,perusakan,destruction
I1 Kosakata Berimbuhan,I1 Kosakata Berimbuhan - Set 10,27,sesuai,"corresponding, according"
I1 Kosakata Berimbuhan,I1 Kosakata Berimbuhan - Set 10,28,menyesuaikan,"to adjust, to adapt"
I1 Kosakata Berimbuhan,I1 Kosakata Berimbuhan - Set 10,29,disesuaikan,"to be adjusted, to be adapted"
I1 Kosakata Berimbuhan,I1 Kosakata Berimbuhan - Set 10,30,penyesuaian,adjustment
I1 Kosakata Berimbuhan,I1 Kosakata Berimbuhan - Set 10,31,luas,"vast, spacious"
I1 Kosakata Berimbuhan,I1 Kosakata Berimbuhan - Set 10,32,memperluas,"to expand, to widen"
I1 Kosakata Berimbuhan,I1 Kosakata Berimbuhan - Set 10,33,perluasan,expansion
I1 Kosakata Berimbuhan,I1 Kosakata Berimbuhan - Set 10,34,mencapai,"to reach, to achieve"
I1 Kosakata Berimbuhan,I1 Kosakata Berimbuhan - Set 10,35,dicapai,to be achieved
I1 Kosakata Berimbuhan,I1 Kosakata Berimbuhan - Set 10,36,tercapai,"is achieved, is reached"
I1 Kosakata Berimbuhan,I1 Kosakata Berimbuhan - Set 10,37,pencapaian,achievement
I1 Kosakata Berimbuhan,I1 Kosakata Berimbuhan - Set 10,38,tempat,place
I1 Kosakata Berimbuhan,I1 Kosakata Berimbuhan - Set 10,39,menempati,to occupy a place
I1 Kosakata Berimbuhan,I1 Kosakata Berimbuhan - Set 10,40,ditempati,to be occupied
I1 Kosakata Berimbuhan,I1 Kosakata Berimbuhan - Set 10,41,penempatan,placement
I1 Kosakata Berimbuhan,I1 Kosakata Berimbuhan - Set 10,42,ledakan,explosion
I1 Kosakata Berimbuhan,I1 Kosakata Berimbuhan - Set 10,43,meledak,to explode
I1 Kosakata Berimbuhan,I1 Kosakata Berimbuhan - Set 10,44,peledakan,"the blasting, the act/process of exploding something"
I1 Kosakata Berimbuhan,I1 Kosakata Berimbuhan - Set 10,45,rencana,plan
I1 Kosakata Berimbuhan,I1 Kosakata Berimbuhan - Set 10,46,berencana,to have a plan
I1 Kosakata Berimbuhan,I1 Kosakata Berimbuhan - Set 10,47,merencanakan,to plan something
I1 Kosakata Berimbuhan,I1 Kosakata Berimbuhan - Set 10,48,direncanakan,to be planned
I1 Kosakata Berimbuhan,I1 Kosakata Berimbuhan - Set 10,49,terencana,is planned
I1 Kosakata Berimbuhan,I1 Kosakata Berimbuhan - Set 10,50,buatan,artificial; made in
I1 Kosakata Berimbuhan,I1 Kosakata Berimbuhan - Set 10,51,membuat,to make something
I1 Kosakata Berimbuhan,I1 Kosakata Berimbuhan - Set 10,52,dibuat,to be made
I1 Kosakata Berimbuhan,I1 Kosakata Berimbuhan - Set 10,53,terbuat,is made of
I1 Kosakata Berimbuhan,I1 Kosakata Berimbuhan - Set 10,54,pembuat,maker
I1 Kosakata Berimbuhan,I1 Kosakata Berimbuhan - Set 10,55,pembuatan,the making of
I1 Kosakata Berimbuhan,I1 Kosakata Berimbuhan - Set 10,56,cepat,"fast, quick"
I1 Kosakata Berimbuhan,I1 Kosakata Berimbuhan - Set 10,57,mempercepat,"to speed up, to accelerate"
I1 Kosakata Berimbuhan,I1 Kosakata Berimbuhan - Set 10,58,dipercepat,to be accelerated
I1 Kosakata Berimbuhan,I1 Kosakata Berimbuhan - Set 10,59,tercepat,"fastest, quickest"
I1 Kosakata Berimbuhan,I1 Kosakata Berimbuhan - Set 10,60,kecepatan,speed
I1 Kosakata Berimbuhan,I1 Kosakata Berimbuhan - Set 10,61,muatan,"cargo, load, content"
I1 Kosakata Berimbuhan,I1 Kosakata Berimbuhan - Set 10,62,memuat,to load
I1 Kosakata Berimbuhan,I1 Kosakata Berimbuhan - Set 10,63,dimuat,to be loaded
I1 Kosakata Berimbuhan,I1 Kosakata Berimbuhan - Set 10,64,menyelenggarakan,"to organize, to hold"
I1 Kosakata Berimbuhan,I1 Kosakata Berimbuhan - Set 10,65,diselenggarakan,"to be organized, to be held"
I1 Kosakata Berimbuhan,I1 Kosakata Berimbuhan - Set 10,66,penyelenggara,organizer
I1 Kosakata Berimbuhan,I1 Kosakata Berimbuhan - Set 10,67,penyelenggaraan,the organizing of
I1 Kosakata Berimbuhan,I1 Kosakata Berimbuhan - Set 10,68,naik,"to travel by, to take, to ride; increase"
I1 Kosakata Berimbuhan,I1 Kosakata Berimbuhan - Set 10,69,menaiki,to mount
I1 Kosakata Berimbuhan,I1 Kosakata Berimbuhan - Set 10,70,dinaiki,to be mounted
I1 Kosakata Berimbuhan,I1 Kosakata Berimbuhan - Set 10,71,menaikkan,to increase; to lift up
I1 Kosakata Berimbuhan,I1 Kosakata Berimbuhan - Set 10,72,dinaikkan,to be increased; to be lifted up
I1 Kosakata Berimbuhan,I1 Kosakata Berimbuhan - Set 10,73,kenaikan,the increase; the increment
I1 Kosakata Berimbuhan,I1 Kosakata Berimbuhan - Set 10,74,penduduk,"population, resident, inhabitant"
I1 Kosakata Berimbuhan,I1 Kosakata Berimbuhan - Set 10,75,berpenduduk,to have a population
I1 Kosakata Berimbuhan,I1 Kosakata Berimbuhan - Set 10,76,menduduki,to occupy a position or territory
I1 Kosakata Berimbuhan,I1 Kosakata Berimbuhan - Set 10,77,diduduki,to be occupied
I1 Kosakata Berimbuhan,I1 Kosakata Berimbuhan - Set 10,78,kependudukan,demography
I1 Kosakata Berimbuhan,I1 Kosakata Berimbuhan - Set 10,79,budaya,culture
I1 Kosakata Berimbuhan,I1 Kosakata Berimbuhan - Set 10,80,berbudaya,"to have culture, cultured"
I1 Kosakata Berimbuhan,I1 Kosakata Berimbuhan - Set 10,81,membudayakan,to cultivate a culture/habit
I1 Kosakata Berimbuhan,I1 Kosakata Berimbuhan - Set 10,82,dibudayakan,to be cultivated
I1 Kosakata Berimbuhan,I1 Kosakata Berimbuhan - Set 10,83,kebudayaan,"culture, civilization"
I1 Kosakata Berimbuhan,I1 Kosakata Berimbuhan - Set 10,84,kenal,to know a person personally
I1 Kosakata Berimbuhan,I1 Kosakata Berimbuhan - Set 10,85,mengenal,to know a person personally (transitive verb)
I1 Kosakata Berimbuhan,I1 Kosakata Berimbuhan - Set 10,86,dikenal,to be known
I1 Kosakata Berimbuhan,I1 Kosakata Berimbuhan - Set 10,87,terkenal,"famous, well-known, popular"
I1 Kosakata Berimbuhan,I1 Kosakata Berimbuhan - Set 10,88,berbelanja,"to shop, to go shopping"
I1 Kosakata Berimbuhan,I1 Kosakata Berimbuhan - Set 10,89,pusat perbelanjaan,shopping center
I1 Kosakata Berimbuhan,I1 Kosakata Berimbuhan - Set 11,1,tingkat,"level, floor, stage"
I1 Kosakata Berimbuhan,I1 Kosakata Berimbuhan - Set 11,2,meningkat,"increase, rise"
I1 Kosakata Berimbuhan,I1 Kosakata Berimbuhan - Set 11,3,meningkatkan,"to increase something, to raise"
I1 Kosakata Berimbuhan,I1 Kosakata Berimbuhan - Set 11,4,ditingkatkan,to be increased
I1 Kosakata Berimbuhan,I1 Kosakata Berimbuhan - Set 11,5,peningkatan,"increase, improvement"
I1 Kosakata Berimbuhan,I1 Kosakata Berimbuhan - Set 11,6,sambutan,"a welcome, a greeting"
I1 Kosakata Berimbuhan,I1 Kosakata Berimbuhan - Set 11,7,menyambut,"to welcome, to greet"
I1 Kosakata Berimbuhan,I1 Kosakata Berimbuhan - Set 11,8,disambut,"to be welcomed, to be greeted"
I1 Kosakata Berimbuhan,I1 Kosakata Berimbuhan - Set 11,9,dukungan,support
I1 Kosakata Berimbuhan,I1 Kosakata Berimbuhan - Set 11,10,mendukung,to support
I1 Kosakata Berimbuhan,I1 Kosakata Berimbuhan - Set 11,11,didukung,to be supported
I1 Kosakata Berimbuhan,I1 Kosakata Berimbuhan - Set 11,12,pendukung,supporter
I1 Kosakata Berimbuhan,I1 Kosakata Berimbuhan - Set 11,13,rela,willing
I1 Kosakata Berimbuhan,I1 Kosakata Berimbuhan - Set 11,14,relawan,volunteer
I1 Kosakata Berimbuhan,I1 Kosakata Berimbuhan - Set 11,15,menangani,to handle
I1 Kosakata Berimbuhan,I1 Kosakata Berimbuhan - Set 11,16,ditangani,to be handled
I1 Kosakata Berimbuhan,I1 Kosakata Berimbuhan - Set 11,17,penanganan,the handling
I1 Kosakata Berimbuhan,I1 Kosakata Berimbuhan - Set 11,18,korban,"victim, casualty"
I1 Kosakata Berimbuhan,I1 Kosakata Berimbuhan - Set 11,19,berkorban,to make a sacrifice
I1 Kosakata Berimbuhan,I1 Kosakata Berimbuhan - Set 11,20,mengorbankan,to sacrifice something
I1 Kosakata Berimbuhan,I1 Kosakata Berimbuhan - Set 11,21,dikorbankan,to be sacrificed
I1 Kosakata Berimbuhan,I1 Kosakata Berimbuhan - Set 11,22,pengorbanan,sacrifice
I1 Kosakata Berimbuhan,I1 Kosakata Berimbuhan - Set 11,23,"impian, mimpi",dream
I1 Kosakata Berimbuhan,I1 Kosakata Berimbuhan - Set 11,24,bermimpi,to have a dream
I1 Kosakata Berimbuhan,I1 Kosakata Berimbuhan - Set 11,25,mengimpikan,"to dream of, to dream about"
I1 Kosakata Berimbuhan,I1 Kosakata Berimbuhan - Set 11,26,bangga,proud
I1 Kosakata Berimbuhan,I1 Kosakata Berimbuhan - Set 11,27,membanggakan,to be proud of
I1 Kosakata Berimbuhan,I1 Kosakata Berimbuhan - Set 11,28,dibanggakan,to be prided
I1 Kosakata Berimbuhan,I1 Kosakata Berimbuhan - Set 11,29,kebanggaan,pride
I1 Kosakata Berimbuhan,I1 Kosakata Berimbuhan - Set 11,30,duta,ambassador; representative
I1 Kosakata Berimbuhan,I1 Kosakata Berimbuhan - Set 11,31,kedutaan,embassy
I1 Kosakata Berimbuhan,I1 Kosakata Berimbuhan - Set 11,32,alam,nature
I1 Kosakata Berimbuhan,I1 Kosakata Berimbuhan - Set 11,33,alami,natural
I1 Kosakata Berimbuhan,I1 Kosakata Berimbuhan - Set 11,34,mengalami,to experience
I1 Kosakata Berimbuhan,I1 Kosakata Berimbuhan - Set 11,35,dialami,to be experienced
I1 Kosakata Berimbuhan,I1 Kosakata Berimbuhan - Set 11,36,pengalaman,experience
I1 Kosakata Berimbuhan,I1 Kosakata Berimbuhan - Set 11,37,sajian,the thing that is served
I1 Kosakata Berimbuhan,I1 Kosakata Berimbuhan - Set 11,38,menyajikan,to serve (food and drink); to present (a presentation)
I1 Kosakata Berimbuhan,I1 Kosakata Berimbuhan - Set 11,39,disajikan,to be served (i.e.: food & drink); to be presented (i.e.: a presentation)
I1 Kosakata Berimbuhan,I1 Kosakata Berimbuhan - Set 11,40,tersaji,is served (i.e.: food & drink)
I1 Kosakata Berimbuhan,I1 Kosakata Berimbuhan - Set 11,41,penyajian,the act/process of serving; the presentation
I1 Kosakata Berimbuhan,I1 Kosakata Berimbuhan - Set 11,42,ikut,to come along; to participate
I1 Kosakata Berimbuhan,I1 Kosakata Berimbuhan - Set 11,43,mengikuti,"to follow; to join in (seminar, etc)"
I1 Kosakata Berimbuhan,I1 Kosakata Berimbuhan - Set 11,44,diikuti,"to be followed; to be attended (i.e.: seminar, etc)"
I1 Kosakata Berimbuhan,I1 Kosakata Berimbuhan - Set 11,45,menganggur,to be unemployed; to have nothing to do
I1 Kosakata Berimbuhan,I1 Kosakata Berimbuhan - Set 11,46,pengangguran,unemployment
I1 Kosakata Berimbuhan,I1 Kosakata Berimbuhan - Set 11,47,menyebar,"to spread out, to spread across"
I1 Kosakata Berimbuhan,I1 Kosakata Berimbuhan - Set 11,48,disebar,to be spread
I1 Kosakata Berimbuhan,I1 Kosakata Berimbuhan - Set 11,49,menyebarkan,"to spread something, to disseminate something"
I1 Kosakata Berimbuhan,I1 Kosakata Berimbuhan - Set 11,50,disebarkan,"to be spread, to be disseminated"
I1 Kosakata Berimbuhan,I1 Kosakata Berimbuhan - Set 11,51,tersebar,"is spread, is scattered"
I1 Kosakata Berimbuhan,I1 Kosakata Berimbuhan - Set 11,52,penyebaran,the spreading of
I1 Kosakata Berimbuhan,I1 Kosakata Berimbuhan - Set 11,53,ciptaan,creation
I1 Kosakata Berimbuhan,I1 Kosakata Berimbuhan - Set 11,54,menciptakan,to create
I1 Kosakata Berimbuhan,I1 Kosakata Berimbuhan - Set 11,55,diciptakan,to be created
I1 Kosakata Berimbuhan,I1 Kosakata Berimbuhan - Set 11,56,tercipta,is created
I1 Kosakata Berimbuhan,I1 Kosakata Berimbuhan - Set 11,57,pencipta,creator
I1 Kosakata Berimbuhan,I1 Kosakata Berimbuhan - Set 11,58,tenggelam,is drowned
I1 Kosakata Berimbuhan,I1 Kosakata Berimbuhan - Set 11,59,menenggelamkan,to drown something
I1 Kosakata Berimbuhan,I1 Kosakata Berimbuhan - Set 11,60,ditenggelamkan,to be drowned
I1 Kosakata Berimbuhan,I1 Kosakata Berimbuhan - Set 11,61,memperhatikan,to pay attention to
I1 Kosakata Berimbuhan,I1 Kosakata Berimbuhan - Set 11,62,diperhatikan,to be paid attention to
I1 Kosakata Berimbuhan,I1 Kosakata Berimbuhan - Set 11,63,perhatian,attention
I1 Kosakata Berimbuhan,I1 Kosakata Berimbuhan - Set 11,64,mengetahui,to know about
I1 Kosakata Berimbuhan,I1 Kosakata Berimbuhan - Set 11,65,diketahui,to be known about
I1 Kosakata Berimbuhan,I1 Kosakata Berimbuhan - Set 11,66,pengetahuan,knowledge
I1 Kosakata Berimbuhan,I1 Kosakata Berimbuhan - Set 11,67,jalanan,"street, road"
I1 Kosakata Berimbuhan,I1 Kosakata Berimbuhan - Set 11,68,berjalan,to walk
I1 Kosakata Berimbuhan,I1 Kosakata Berimbuhan - Set 11,69,menjalani,"to undergo, to go through"
I1 Kosakata Berimbuhan,I1 Kosakata Berimbuhan - Set 11,70,dijalani,to be undergone
I1 Kosakata Berimbuhan,I1 Kosakata Berimbuhan - Set 11,71,menjalankan,"to run something, to operate something"
I1 Kosakata Berimbuhan,I1 Kosakata Berimbuhan - Set 11,72,dijalankan,"to be run, to be operated"
I1 Kosakata Berimbuhan,I1 Kosakata Berimbuhan - Set 12,1,menyimpulkan,to conclude
I1 Kosakata Berimbuhan,I1 Kosakata Berimbuhan - Set 12,2,disimpulkan,to be concluded
I1 Kosakata Berimbuhan,I1 Kosakata Berimbuhan - Set 12,3,kesimpulan,conclusion
I1 Kosakata Berimbuhan,I1 Kosakata Berimbuhan - Set 12,4,kendali,control
I1 Kosakata Berimbuhan,I1 Kosakata Berimbuhan - Set 12,5,mengendalikan,to control
I1 Kosakata Berimbuhan,I1 Kosakata Berimbuhan - Set 12,6,dikendalikan,to be controlled
I1 Kosakata Berimbuhan,I1 Kosakata Berimbuhan - Set 12,7,pengendali,controller
I1 Kosakata Berimbuhan,I1 Kosakata Berimbuhan - Set 12,8,pengendalian,control
I1 Kosakata Berimbuhan,I1 Kosakata Berimbuhan - Set 12,9,terkendali,is undercontrolled
I1 Kosakata Berimbuhan,I1 Kosakata Berimbuhan - Set 12,10,peran,role
I1 Kosakata Berimbuhan,I1 Kosakata Berimbuhan - Set 12,11,berperan,to have the role
I1 Kosakata Berimbuhan,I1 Kosakata Berimbuhan - Set 12,12,memerankan,to play a role of
I1 Kosakata Berimbuhan,I1 Kosakata Berimbuhan - Set 12,13,diperankan,to be played/acted
I1 Kosakata Berimbuhan,I1 Kosakata Berimbuhan - Set 12,14,mungkin,"maybe, perhaps, possibly"
I1 Kosakata Berimbuhan,I1 Kosakata Berimbuhan - Set 12,15,memungkinkan,"to enable, to make possible"
I1 Kosakata Berimbuhan,I1 Kosakata Berimbuhan - Set 12,16,dimungkinkan,to be made possible
I1 Kosakata Berimbuhan,I1 Kosakata Berimbuhan - Set 12,17,kemungkinan,possibility
I1 Kosakata Berimbuhan,I1 Kosakata Berimbuhan - Set 12,18,himbauan,advice (i.e.: from a higher authority such as the government)
I1 Kosakata Berimbuhan,I1 Kosakata Berimbuhan - Set 12,19,menghimbau,"to advise, to invite (i.e.: from a higher authority such as the government)"
I1 Kosakata Berimbuhan,I1 Kosakata Berimbuhan - Set 12,20,dihimbau,"to be advised, to be invited (i.e.: from a higher authority such as the government)"
I1 Kosakata Berimbuhan,I1 Kosakata Berimbuhan - Set 12,21,bergeser,to shift (intransitive verb)
I1 Kosakata Berimbuhan,I1 Kosakata Berimbuhan - Set 12,22,menggeser,to shift something
I1 Kosakata Berimbuhan,I1 Kosakata Berimbuhan - Set 12,23,digeser,to be shifted
I1 Kosakata Berimbuhan,I1 Kosakata Berimbuhan - Set 12,24,pergeseran,the shift
I1 Kosakata Berimbuhan,I1 Kosakata Berimbuhan - Set 12,25,rintisan,pioneer project
I1 Kosakata Berimbuhan,I1 Kosakata Berimbuhan - Set 12,26,merintis,"to pioneer, to open the way"
I1 Kosakata Berimbuhan,I1 Kosakata Berimbuhan - Set 12,27,dirintis,to be pioneered
I1 Kosakata Berimbuhan,I1 Kosakata Berimbuhan - Set 12,28,awal,beginning; early
I1 Kosakata Berimbuhan,I1 Kosakata Berimbuhan - Set 12,29,berawal,has a beginning
I1 Kosakata Berimbuhan,I1 Kosakata Berimbuhan - Set 12,30,mengawali,to precede
I1 Kosakata Berimbuhan,I1 Kosakata Berimbuhan - Set 12,31,diawali,to be preceded
I1 Kosakata Berimbuhan,I1 Kosakata Berimbuhan - Set 12,32,habis,"finished, used up"
I1 Kosakata Berimbuhan,I1 Kosakata Berimbuhan - Set 12,33,menghabiskan,to spend (until all is used up)
I1 Kosakata Berimbuhan,I1 Kosakata Berimbuhan - Set 12,34,dihabiskan,to be spent (until all is used up)
I1 Kosakata Berimbuhan,I1 Kosakata Berimbuhan - Set 12,35,kehabisan,to run out of
I1 Kosakata Berimbuhan,I1 Kosakata Berimbuhan - Set 12,36,bergabung,"to join together, to merge (intransitive verb)"
I1 Kosakata Berimbuhan,I1 Kosakata Berimbuhan - Set 12,37,"menggabung, menggabungkan","to combine, to merge"
I1 Kosakata Berimbuhan,I1 Kosakata Berimbuhan - Set 12,38,"digabung, digabungkan",to be merged
I1 Kosakata Berimbuhan,I1 Kosakata Berimbuhan - Set 12,39,penggabungan,"the merging, the combining"
I1 Kosakata Berimbuhan,I1 Kosakata Berimbuhan - Set 12,40,ukuran,"size, measurement"
I1 Kosakata Berimbuhan,I1 Kosakata Berimbuhan - Set 12,41,mengukur,to measure
I1 Kosakata Berimbuhan,I1 Kosakata Berimbuhan - Set 12,42,diukur,to be measured
I1 Kosakata Berimbuhan,I1 Kosakata Berimbuhan - Set 12,43,pengukur,measurer
I1 Kosakata Berimbuhan,I1 Kosakata Berimbuhan - Set 12,44,pengukuran,"the act/process of measuring, measurement"
I1 Kosakata Berimbuhan,I1 Kosakata Berimbuhan - Set 12,45,pasangan,"couple, pair; partner"
I1 Kosakata Berimbuhan,I1 Kosakata Berimbuhan - Set 12,46,memasang,to install
I1 Kosakata Berimbuhan,I1 Kosakata Berimbuhan - Set 12,47,dipasang,is installed
I1 Kosakata Berimbuhan,I1 Kosakata Berimbuhan - Set 12,48,terpasang,installed
I1 Kosakata Berimbuhan,I1 Kosakata Berimbuhan - Set 12,49,bacaan,"reading passage, reading material"
I1 Kosakata Berimbuhan,I1 Kosakata Berimbuhan - Set 12,50,membaca,to read
I1 Kosakata Berimbuhan,I1 Kosakata Berimbuhan - Set 12,51,dibaca,to be read
I1 Kosakata Berimbuhan,I1 Kosakata Berimbuhan - Set 12,52,terbaca,"is unintentionally read; readable, can be read"
I1 Kosakata Berimbuhan,I1 Kosakata Berimbuhan - Set 12,53,pembaca,reader
I1 Kosakata Berimbuhan,I1 Kosakata Berimbuhan - Set 12,54,pembacaan,reading
I1 Kosakata Berimbuhan,I1 Kosakata Berimbuhan - Set 13,1,aturan,rule
I1 Kosakata Berimbuhan,I1 Kosakata Berimbuhan - Set 13,2,mengatur,"to arrange, to organise, to regulate"
I1 Kosakata Berimbuhan,I1 Kosakata Berimbuhan - Set 13,3,diatur,"to be arranged, to be organised, to be regulated"
I1 Kosakata Berimbuhan,I1 Kosakata Berimbuhan - Set 13,4,teratur,"organised, arranged"
I1 Kosakata Berimbuhan,I1 Kosakata Berimbuhan - Set 13,5,peraturan,regulation
I1 Kosakata Berimbuhan,I1 Kosakata Berimbuhan - Set 13,6,pengaturan,"the arrangement, the settings"
I1 Kosakata Berimbuhan,I1 Kosakata Berimbuhan - Set 13,7,"keadaan, kondisi","state, condition"
I1 Kosakata Berimbuhan,I1 Kosakata Berimbuhan - Set 13,8,mengadakan,"to hold (e.g., an event, a meeting)"
I1 Kosakata Berimbuhan,I1 Kosakata Berimbuhan - Set 13,9,berada,to exist; rich
I1 Kosakata Berimbuhan,I1 Kosakata Berimbuhan - Set 13,10,keberadaan,existence
I1 Kosakata Berimbuhan,I1 Kosakata Berimbuhan - Set 13,11,hilang,"is lost, is missing"
I1 Kosakata Berimbuhan,I1 Kosakata Berimbuhan - Set 13,12,menghilangkan,to lose an item; to remove
I1 Kosakata Berimbuhan,I1 Kosakata Berimbuhan - Set 13,13,kehilangan,"lost an item, miss a person"
I1 Kosakata Berimbuhan,I1 Kosakata Berimbuhan - Set 13,14,melibatkan,to involve
I1 Kosakata Berimbuhan,I1 Kosakata Berimbuhan - Set 13,15,terlibat,"involved, implicated"
I1 Kosakata Berimbuhan,I1 Kosakata Berimbuhan - Set 13,16,keterlibatan,involvement
I1 Kosakata Berimbuhan,I1 Kosakata Berimbuhan - Set 13,17,disumbangkan,to be donated
I1 Kosakata Berimbuhan,I1 Kosakata Berimbuhan - Set 13,18,sumbangan,donation
I1 Kosakata Berimbuhan,I1 Kosakata Berimbuhan - Set 13,19,penyumbang,donor
I1 Kosakata Berimbuhan,I1 Kosakata Berimbuhan - Set 13,20,sadar,conscious; realise
I1 Kosakata Berimbuhan,I1 Kosakata Berimbuhan - Set 13,21,menyadari,"to realize, to be aware of"
I1 Kosakata Berimbuhan,I1 Kosakata Berimbuhan - Set 13,22,kesadaran,"consciousness, awareness, realization"
I1 Kosakata Berimbuhan,I1 Kosakata Berimbuhan - Set 13,23,minat,interest
I1 Kosakata Berimbuhan,I1 Kosakata Berimbuhan - Set 13,24,berminat,to have interest
I1 Kosakata Berimbuhan,I1 Kosakata Berimbuhan - Set 13,25,kesan,impression
I1 Kosakata Berimbuhan,I1 Kosakata Berimbuhan - Set 13,26,berkesan,memorable
I1 Kosakata Berimbuhan,I1 Kosakata Berimbuhan - Set 13,27,mengesankan,impressive
I1 Kosakata Berimbuhan,I1 Kosakata Berimbuhan - Set 13,28,terkesan,impressed
I1 Kosakata Berimbuhan,I1 Kosakata Berimbuhan - Set 13,29,dana,fund
I1 Kosakata Berimbuhan,I1 Kosakata Berimbuhan - Set 13,30,mendanai,to fund something
I1 Kosakata Berimbuhan,I1 Kosakata Berimbuhan - Set 13,31,menghimbau,"to advise, to encourage"
I1 Kosakata Berimbuhan,I1 Kosakata Berimbuhan - Set 13,32,himbauan,"advice, encouragement"
I1 Kosakata Berimbuhan,I1 Kosakata Berimbuhan - Set 13,33,dihimbau,"to be advised, to be encouraged"
I1 Kosakata Berimbuhan,I1 Kosakata Berimbuhan - Set 13,34,bergeser,"shifted, move"
I1 Kosakata Berimbuhan,I1 Kosakata Berimbuhan - Set 13,35,menggeser,to shift
I1 Kosakata Berimbuhan,I1 Kosakata Berimbuhan - Set 13,36,pergeseran,shifting (the process of 'bergeser')
I1 Kosakata Berimbuhan,I1 Kosakata Berimbuhan - Set 13,37,penggeseran,shifting (the process of 'menggeser')
I1 Kosakata Berimbuhan,I1 Kosakata Berimbuhan - Set 13,38,tanggapan,response
I1 Kosakata Berimbuhan,I1 Kosakata Berimbuhan - Set 13,39,menanggapi,to respond to
I1 Kosakata Berimbuhan,I1 Kosakata Berimbuhan - Set 13,40,kendali,control
I1 Kosakata Berimbuhan,I1 Kosakata Berimbuhan - Set 13,41,mengendalikan,to control something
I1 Kosakata Berimbuhan,I1 Kosakata Berimbuhan - Set 13,42,terkendali,under control
I1 Kosakata Berimbuhan,I1 Kosakata Berimbuhan - Set 13,43,pengendalian,"control, management"
I1 Kosakata Berimbuhan,I1 Kosakata Berimbuhan - Set 13,44,lemah,weak
I1 Kosakata Berimbuhan,I1 Kosakata Berimbuhan - Set 13,45,kelemahan,weakness
I1 Kosakata Berimbuhan,I1 Kosakata Berimbuhan - Set 13,46,melemahkan,to weaken
I1 Kosakata Berimbuhan,I1 Kosakata Berimbuhan - Set 13,47,terlemah,weakest
I1 Kosakata Berimbuhan,I1 Kosakata Berimbuhan - Set 14,1,kebal,immune
I1 Kosakata Berimbuhan,I1 Kosakata Berimbuhan - Set 14,2,kekebalan,immunity
I1 Kosakata Berimbuhan,I1 Kosakata Berimbuhan - Set 14,3,penderita,"sufferer, patient"
I1 Kosakata Berimbuhan,I1 Kosakata Berimbuhan - Set 14,4,menderita,to suffer
I1 Kosakata Berimbuhan,I1 Kosakata Berimbuhan - Set 14,5,penderitaan,"suffering, misery"
I1 Kosakata Berimbuhan,I1 Kosakata Berimbuhan - Set 14,6,langsung,"direct, immediately"
I1 Kosakata Berimbuhan,I1 Kosakata Berimbuhan - Set 14,7,berlangsung,"in progress, ongoing"
I1 Kosakata Berimbuhan,I1 Kosakata Berimbuhan - Set 14,8,melangsungkan,"to carry out (e.g., event, party)"
I1 Kosakata Berimbuhan,I1 Kosakata Berimbuhan - Set 14,9,kelangsungan,continuity
I1 Kosakata Berimbuhan,I1 Kosakata Berimbuhan - Set 14,10,penguasa,ruler
I1 Kosakata Berimbuhan,I1 Kosakata Berimbuhan - Set 14,11,menguasai,"to master a skill; to dominate, to rule over"
I1 Kosakata Berimbuhan,I1 Kosakata Berimbuhan - Set 14,12,kekuasaan,"power, authority, dominion"
I1 Kosakata Berimbuhan,I1 Kosakata Berimbuhan - Set 14,13,mencelakai,to harm
I1 Kosakata Berimbuhan,I1 Kosakata Berimbuhan - Set 14,14,kecelakaan,accident
I1 Kosakata Berimbuhan,I1 Kosakata Berimbuhan - Set 14,15,ilmu terapan,applied science
I1 Kosakata Berimbuhan,I1 Kosakata Berimbuhan - Set 14,16,menerapkan,"to apply, to implement"
I1 Kosakata Berimbuhan,I1 Kosakata Berimbuhan - Set 14,17,diterapkan,"to be applied, to be implemented"
I1 Kosakata Berimbuhan,I1 Kosakata Berimbuhan - Set 14,18,penerapan,"application, implementation"
I1 Kosakata Berimbuhan,I1 Kosakata Berimbuhan - Set 14,19,paksaan,coercion (the result)
I1 Kosakata Berimbuhan,I1 Kosakata Berimbuhan - Set 14,20,memaksa,to force
I1 Kosakata Berimbuhan,I1 Kosakata Berimbuhan - Set 14,21,terpaksa,"is forced to..., have no choice but to..."
I1 Kosakata Berimbuhan,I1 Kosakata Berimbuhan - Set 14,22,pemaksaan,the act/process of coercing
I1 Kosakata Berimbuhan,I1 Kosakata Berimbuhan - Set 14,23,mengabaikan,"to ignore, to neglect, to disregard"
I1 Kosakata Berimbuhan,I1 Kosakata Berimbuhan - Set 14,24,diabaikan,"to be ignored, to be neglected, to be disregarded"
I1 Kosakata Berimbuhan,I1 Kosakata Berimbuhan - Set 14,25,terabaikan,"is abandoned, is neglected"
I1 Kosakata Berimbuhan,I1 Kosakata Berimbuhan - Set 14,26,bergaul,to socialise
I1 Kosakata Berimbuhan,I1 Kosakata Berimbuhan - Set 14,27,pergaulan,social interaction
I1 Kosakata Berimbuhan,I1 Kosakata Berimbuhan - Set 14,28,sasaran,target
I1 Kosakata Berimbuhan,I1 Kosakata Berimbuhan - Set 14,29,menyasarkan,to target
I1 Kosakata Berimbuhan,I1 Kosakata Berimbuhan - Set 14,30,tersasar,lost (lose one's way)
I1 Kosakata Berimbuhan,I1 Kosakata Berimbuhan - Set 14,31,menyerap,to absorb
I1 Kosakata Berimbuhan,I1 Kosakata Berimbuhan - Set 14,32,terserap,is absorbed
I1 Kosakata Berimbuhan,I1 Kosakata Berimbuhan - Set 14,33,penyerapan,absorption
I1 Karangan,I1 Karangan - Set 2,1,ada,there is; exists (in/at)
I1 Karangan,I1 Karangan - Set 2,2,bentuk,"form, shape"
I1 Karangan,I1 Karangan - Set 2,3,berada,exists (in/at)
I1 Karangan,I1 Karangan - Set 2,4,beralih,"to switch, to change over"
I1 Karangan,I1 Karangan - Set 2,5,bergabung,to join together
I1 Karangan,I1 Karangan - Set 2,6,berhitung,to count
I1 Karangan,I1 Karangan - Set 2,7,berikut,"following, subsequent"
I1 Karangan,I1 Karangan - Set 2,8,berpikir,to think
I1 Karangan,I1 Karangan - Set 2,9,bertujuan,to have the aim of
I1 Karangan,I1 Karangan - Set 2,10,daerah,area
I1 Karangan,I1 Karangan - Set 2,11,dasar,"base, basic, foundation"
I1 Karangan,I1 Karangan - Set 2,12,didaftarkan,to be registered
I1 Karangan,I1 Karangan - Set 2,13,diketahui,to be known
I1 Karangan,I1 Karangan - Set 2,14,dimaklumi,"to be understood, understandable"
I1 Karangan,I1 Karangan - Set 2,15,dimaksudkan,to be meant
I1 Karangan,I1 Karangan - Set 2,16,dini,"early (e.g., early age)"
I1 Karangan,I1 Karangan - Set 2,17,diperuntukkan,"to be allocated for, to be reserved for"
I1 Karangan,I1 Karangan - Set 2,18,disinggung,to be alluded
I1 Karangan,I1 Karangan - Set 2,19,ditempuh,"to be taken (e.g., travel time)"
I1 Karangan,I1 Karangan - Set 2,20,dititipkan,to be entrusted with someone
I1 Karangan,I1 Karangan - Set 2,21,emas,gold
I1 Karangan,I1 Karangan - Set 2,22,hal,"thing, matter"
I1 Karangan,I1 Karangan - Set 2,23,jalur,track
I1 Karangan,I1 Karangan - Set 2,24,jenjang,"level (e.g., education level)"
I1 Karangan,I1 Karangan - Set 2,25,kegiatan,activity
I1 Karangan,I1 Karangan - Set 2,26,kehadiran,presence
I1 Karangan,I1 Karangan - Set 2,27,kelompok,group
I1 Karangan,I1 Karangan - Set 2,28,"Kelompok Bermain, KB",Playgroup
I1 Karangan,I1 Karangan - Set 2,29,kemampuan,ability
I1 Karangan,I1 Karangan - Set 2,30,kepribadian,personality
I1 Karangan,I1 Karangan - Set 2,31,kesalahan,"error, mistake"
I1 Karangan,I1 Karangan - Set 2,32,kesejahteraan,well-being; welfare
I1 Karangan,I1 Karangan - Set 2,33,lembaga,institution
I1 Karangan,I1 Karangan - Set 2,34,lengkap,complete
I1 Karangan,I1 Karangan - Set 2,35,lepas,"free (break free, undo, disconnect)"
I1 Karangan,I1 Karangan - Set 2,36,lingkungan,environment
I1 Karangan,I1 Karangan - Set 2,37,melansir,"to launch, spread, report"
I1 Karangan,I1 Karangan - Set 2,38,melatih,"to train, to coach"
I1 Karangan,I1 Karangan - Set 2,39,memang,indeed
I1 Karangan,I1 Karangan - Set 2,40,memiliki,"to have, to possess"
I1 Karangan,I1 Karangan - Set 2,41,mempersiapkan,to prepare
I1 Karangan,I1 Karangan - Set 2,42,mendidik,to educate
I1 Karangan,I1 Karangan - Set 2,43,"Mendikbud, Menteri Pendidikan dan Kebudayaan",Minister of Education and Culture
I1 Karangan,I1 Karangan - Set 2,44,mengalami,to experience
I1 Karangan,I1 Karangan - Set 2,45,mengembangkan,to develop
I1 Karangan,I1 Karangan - Set 2,46,menghitung,to calculate
I1 Karangan,I1 Karangan - Set 2,47,mengikuti,"to follow, to attend"
I1 Karangan,I1 Karangan - Set 2,48,mengingat,"to remember; considering, due to"
I1 Karangan,I1 Karangan - Set 2,49,menyelenggarakan,"to organize (e.g., an event)"
I1 Karangan,I1 Karangan - Set 2,50,menyoroti,"to highlight, to focus on"
I1 Karangan,I1 Karangan - Set 2,51,"murid, pelajar, siswa",student
I1 Karangan,I1 Karangan - Set 2,52,pembelajaran,learning
I1 Karangan,I1 Karangan - Set 2,53,pembentukan,formation
I1 Karangan,I1 Karangan - Set 2,54,pembinaan,"development, guidance, building"
I1 Karangan,I1 Karangan - Set 2,55,pendidikan,education
I1 Karangan,I1 Karangan - Set 2,56,Pendidikan Anak Usia Dini,Early Childhood Education
I1 Karangan,I1 Karangan - Set 2,57,pengajaran,teaching
I1 Karangan,I1 Karangan - Set 2,58,pengasuhan,nurturing
I1 Karangan,I1 Karangan - Set 2,59,pengertian,the understanding
I1 Karangan,I1 Karangan - Set 2,60,pengetahuan,knowledge
I1 Karangan,I1 Karangan - Set 2,61,penjelasan,explanation
I1 Karangan,I1 Karangan - Set 2,62,penting,important
I1 Karangan,I1 Karangan - Set 2,63,persiapan,preparation
I1 Karangan,I1 Karangan - Set 2,64,rentang,range
I1 Karangan,I1 Karangan - Set 2,65,sambil,"while, at the same time (one person does two activities)"
I1 Karangan,I1 Karangan - Set 2,66,satuan,unit
I1 Karangan,I1 Karangan - Set 2,67,sayangnya,unfortunately
I1 Karangan,I1 Karangan - Set 2,68,sebaya,same age
I1 Karangan,I1 Karangan - Set 2,69,sebenarnya,actually
I1 Karangan,I1 Karangan - Set 2,70,sekadar,merely
I1 Karangan,I1 Karangan - Set 2,71,"sekolah dasar, SD",primary school
I1 Karangan,I1 Karangan - Set 2,72,sementara,temporary; meanwhile
I1 Karangan,I1 Karangan - Set 2,73,semoga,hopefully
I1 Karangan,I1 Karangan - Set 2,74,"Taman Kanak-kanak, TK",Kindergarten
I1 Karangan,I1 Karangan - Set 2,75,"tentang, mengenai",about
I1 Karangan,I1 Karangan - Set 2,76,termasuk,"including, included"
I1 Karangan,I1 Karangan - Set 2,77,tujuan,"aim, destination, purpose, goal"
I1 Karangan,I1 Karangan - Set 2,78,umum,"general, common; public"
I1 Karangan,I1 Karangan - Set 2,79,umumnya,generally
I1 Karangan,I1 Karangan - Set 2,80,"umur, usia",age
I1 Karangan,I1 Karangan - Set 2,81,upaya,effort
I1 Karangan,I1 Karangan - Set 2,82,utama,main
I1 Karangan,I1 Karangan - Set 3,1,angka,"digit, figure"
I1 Karangan,I1 Karangan - Set 3,2,antisipatif,anticipatory
I1 Karangan,I1 Karangan - Set 3,3,api,"flame, fire"
I1 Karangan,I1 Karangan - Set 3,4,bangsa,"nation, people"
I1 Karangan,I1 Karangan - Set 3,5,berbisnis,to do business
I1 Karangan,I1 Karangan - Set 3,6,berguna,useful
I1 Karangan,I1 Karangan - Set 3,7,berharap,"to hope, to expect"
I1 Karangan,I1 Karangan - Set 3,8,berikutnya,next
I1 Karangan,I1 Karangan - Set 3,9,berperan,to have the role
I1 Karangan,I1 Karangan - Set 3,10,berupa,in the form of
I1 Karangan,I1 Karangan - Set 3,11,cenderung,to tend to
I1 Karangan,I1 Karangan - Set 3,12,dana,fund
I1 Karangan,I1 Karangan - Set 3,13,demografi,demographics
I1 Karangan,I1 Karangan - Set 3,14,dewasa,"mature, adult"
I1 Karangan,I1 Karangan - Set 3,15,diarahkan,to be directed
I1 Karangan,I1 Karangan - Set 3,16,diharapkan,"to be hoped for, to be expected"
I1 Karangan,I1 Karangan - Set 3,17,dinilai,"to be assessed, to be valued"
I1 Karangan,I1 Karangan - Set 3,18,dipandang,to be viewed
I1 Karangan,I1 Karangan - Set 3,19,dipedulikan,to be cared about
I1 Karangan,I1 Karangan - Set 3,20,"dibutuhkan, diperlukan",to be needed
I1 Karangan,I1 Karangan - Set 3,21,diprediksi,to be predicted
I1 Karangan,I1 Karangan - Set 3,22,diri,self
I1 Karangan,I1 Karangan - Set 3,23,disiapkan,to be prepared
I1 Karangan,I1 Karangan - Set 3,24,ditata,to be arranged/structured
I1 Karangan,I1 Karangan - Set 3,25,dituntut,to be demanded; to be sued
I1 Karangan,I1 Karangan - Set 3,26,"dsb., dan sebagainya","etc., and all that"
I1 Karangan,I1 Karangan - Set 3,27,dukungan,support
I1 Karangan,I1 Karangan - Set 3,28,fase,phase
I1 Karangan,I1 Karangan - Set 3,29,fisik,physical
I1 Karangan,I1 Karangan - Set 3,30,gedung,building
I1 Karangan,I1 Karangan - Set 3,31,jaminan,"guarantee, assurance"
I1 Karangan,I1 Karangan - Set 3,32,justru,in fact
I1 Karangan,I1 Karangan - Set 3,33,kalah,lost (to lose)
I1 Karangan,I1 Karangan - Set 3,34,kasus,case
I1 Karangan,I1 Karangan - Set 3,35,kebijakan,policy
I1 Karangan,I1 Karangan - Set 3,36,"kebutuhan, keperluan","needs, necessities"
I1 Karangan,I1 Karangan - Set 3,37,"Kemensos, Kementerian Sosial",Ministry of Social Affairs
I1 Karangan,I1 Karangan - Set 3,38,kemudahan,"easiness, simplicity, convenience"
I1 Karangan,I1 Karangan - Set 3,39,kepercayaan,trust
I1 Karangan,I1 Karangan - Set 3,40,kerentanan,vulnerability
I1 Karangan,I1 Karangan - Set 3,41,kesadaran,"awareness, consciousness"
I1 Karangan,I1 Karangan - Set 3,42,kesehatan,health
I1 Karangan,I1 Karangan - Set 3,43,kesempatan,"chance, opportunity"
I1 Karangan,I1 Karangan - Set 3,44,keterampilan,skills
I1 Karangan,I1 Karangan - Set 3,45,khusus,special
I1 Karangan,I1 Karangan - Set 3,46,kiat,tips
I1 Karangan,I1 Karangan - Set 3,47,konseling,counseling
I1 Karangan,I1 Karangan - Set 3,48,langkah,"step, measure"
I1 Karangan,I1 Karangan - Set 3,49,"lanjut usia, lansia",elderly
I1 Karangan,I1 Karangan - Set 3,50,mampu,"afford, capable"
I1 Karangan,I1 Karangan - Set 3,51,melukis,to paint
I1 Karangan,I1 Karangan - Set 3,52,memastikan,"to ensure, to confirm"
I1 Karangan,I1 Karangan - Set 3,53,membebani,to burden someone
I1 Karangan,I1 Karangan - Set 3,54,memenuhi,to fulfill
I1 Karangan,I1 Karangan - Set 3,55,menciptakan,"to create, to invent"
I1 Karangan,I1 Karangan - Set 3,56,mengekspresikan,to express
I1 Karangan,I1 Karangan - Set 3,57,mengimplementasikan,to implement
I1 Karangan,I1 Karangan - Set 3,58,menjahit,to sew
I1 Karangan,I1 Karangan - Set 3,59,"Mensos, Menteri Sosial",Minister of Social Affairs
I1 Karangan,I1 Karangan - Set 3,60,menteri,minister
I1 Karangan,I1 Karangan - Set 3,61,menyediakan,to provide
I1 Karangan,I1 Karangan - Set 3,62,meraih,to reach/achieve
I1 Karangan,I1 Karangan - Set 3,63,merasa,to feel (an emotion)
I1 Karangan,I1 Karangan - Set 3,64,mewujudkan,to realize / bring to reality
I1 Karangan,I1 Karangan - Set 3,65,nyaman,comfortable
I1 Karangan,I1 Karangan - Set 3,66,nyata,"real, tangible"
I1 Karangan,I1 Karangan - Set 3,67,panti jompo,nursing home
I1 Karangan,I1 Karangan - Set 3,68,pembangunan,"development, construction"
I1 Karangan,I1 Karangan - Set 3,69,pemberian,the gift; the act/process of giving
I1 Karangan,I1 Karangan - Set 3,70,pemerintah,government
I1 Karangan,I1 Karangan - Set 3,71,pendekatan,the approach
I1 Karangan,I1 Karangan - Set 3,72,penduduk,"resident, inhabitant"
I1 Karangan,I1 Karangan - Set 3,73,penggunaan,the act/process of using
I1 Karangan,I1 Karangan - Set 3,74,penguatan,the strengthening of
I1 Karangan,I1 Karangan - Set 3,75,peningkatan,"increase; enhancement, improvement"
I1 Karangan,I1 Karangan - Set 3,76,penting,important
I1 Karangan,I1 Karangan - Set 3,77,perbelanjaan,"shopping (e.g., shopping center)"
I1 Karangan,I1 Karangan - Set 3,78,perhatian,attention
I1 Karangan,I1 Karangan - Set 3,79,"perhatikan, memperhatikan",to pay attention to
I1 Karangan,I1 Karangan - Set 3,80,peribadatan,"worship (e.g., worship place)"
I1 Karangan,I1 Karangan - Set 3,81,perkantoran,office complex
I1 Karangan,I1 Karangan - Set 3,82,"perkuat, memperkuat",to strengthen
I1 Karangan,I1 Karangan - Set 3,83,pihak,"party, side"
I1 Karangan,I1 Karangan - Set 3,84,pusat,"center, central"
I1 Karangan,I1 Karangan - Set 3,85,"puskesmas, pusat kesehatan masyarakat",Public health center
I1 Karangan,I1 Karangan - Set 3,86,ramah,"friendly, hospitable"
I1 Karangan,I1 Karangan - Set 3,87,remaja,teenager
I1 Karangan,I1 Karangan - Set 3,88,sadar,aware; conscious
I1 Karangan,I1 Karangan - Set 3,89,sambutan,"welcome (e.g., welcome greeting)"
I1 Karangan,I1 Karangan - Set 3,90,sarana,"means, medium, facility"
I1 Karangan,I1 Karangan - Set 3,91,sebelumnya,previously
I1 Karangan,I1 Karangan - Set 3,92,sederhana,simple
I1 Karangan,I1 Karangan - Set 3,93,sehat,healthy
I1 Karangan,I1 Karangan - Set 3,94,sejalan,in line (with)
I1 Karangan,I1 Karangan - Set 3,95,"sejenis, semacam",a kind of
I1 Karangan,I1 Karangan - Set 3,96,seluas-luasnya,as vast as possible
I1 Karangan,I1 Karangan - Set 3,97,seluruh,"the whole of, the entire"
I1 Karangan,I1 Karangan - Set 3,98,semangat,"spirit, passion, zeal"
I1 Karangan,I1 Karangan - Set 3,99,serta,"as well as, along with, and"
I1 Karangan,I1 Karangan - Set 3,100,sesuai,in accordance
I1 Karangan,I1 Karangan - Set 3,101,setidaknya,at least
I1 Karangan,I1 Karangan - Set 3,102,siklus,cycle
I1 Karangan,I1 Karangan - Set 3,103,terapi,therapy
I1 Karangan,I1 Karangan - Set 3,104,terasingkan,is isolated
I1 Karangan,I1 Karangan - Set 3,105,terdiri dari,consist of
I1 Karangan,I1 Karangan - Set 3,106,tergolong,to be categorized under
I1 Karangan,I1 Karangan - Set 3,107,terlantar,is neglected
I1 Karangan,I1 Karangan - Set 3,108,tertulis,written
I1 Karangan,I1 Karangan - Set 3,109,tertutup,is closed
I1 Karangan,I1 Karangan - Set 3,110,terutama,especially
I1 Karangan,I1 Karangan - Set 3,111,tetap,"permanent; remain, still"
I1 Karangan,I1 Karangan - Set 3,112,unsur,element
I1 Karangan,I1 Karangan - Set 3,113,utuh,intact
I1 Karangan,I1 Karangan - Set 3,114,wirausaha,entrepreneur
I1 Karangan,I1 Karangan - Set 3,115,"yaitu, yakni",that is
I1 Karangan,I1 Karangan - Set 4,1,aman,"safe, secure"
I1 Karangan,I1 Karangan - Set 4,2,berkisar,to range around
I1 Karangan,I1 Karangan - Set 4,3,"berkurang, menurun","to reduce, to decrease (intransitive)"
I1 Karangan,I1 Karangan - Set 4,4,berlaku,"to apply, to be valid (intransitive)"
I1 Karangan,I1 Karangan - Set 4,5,berusaha,"to try, to attempt"
I1 Karangan,I1 Karangan - Set 4,6,besar-besaran,"massive, large-scale"
I1 Karangan,I1 Karangan - Set 4,7,bongkar muat,unloading and loading
I1 Karangan,I1 Karangan - Set 4,8,calon,"candidate, prospective"
I1 Karangan,I1 Karangan - Set 4,9,dianggap,to be considered/regarded
I1 Karangan,I1 Karangan - Set 4,10,"dibanding, dibandingkan",to be compared
I1 Karangan,I1 Karangan - Set 4,11,ditangani,to be handled
I1 Karangan,I1 Karangan - Set 4,12,hambatan,obstacle
I1 Karangan,I1 Karangan - Set 4,13,jalan raya,main road
I1 Karangan,I1 Karangan - Set 4,14,jangka,"term, period"
I1 Karangan,I1 Karangan - Set 4,15,jumlah,amount to a total
I1 Karangan,I1 Karangan - Set 4,16,kali lipat,"times, -fold"
I1 Karangan,I1 Karangan - Set 4,17,keberatan,object (to)
I1 Karangan,I1 Karangan - Set 4,18,kebersihan,"cleanliness, hygiene"
I1 Karangan,I1 Karangan - Set 4,19,kemacetan,"congestion, traffic jam"
I1 Karangan,I1 Karangan - Set 4,20,kendaraan,vehicle
I1 Karangan,I1 Karangan - Set 4,21,kepadatan,density
I1 Karangan,I1 Karangan - Set 4,22,kepemilikan,ownership
I1 Karangan,I1 Karangan - Set 4,23,ketat,"strict, tight"
I1 Karangan,I1 Karangan - Set 4,24,ketidakpatuhan,disobedience
I1 Karangan,I1 Karangan - Set 4,25,lahan,plot of land
I1 Karangan,I1 Karangan - Set 4,26,lajur,lane
I1 Karangan,I1 Karangan - Set 4,27,lalu lintas,traffic
I1 Karangan,I1 Karangan - Set 4,28,lampu,lamp
I1 Karangan,I1 Karangan - Set 4,29,luas,"spacious, vast"
I1 Karangan,I1 Karangan - Set 4,30,"biasa, lazim, lumrah","normal, commonplace"
I1 Karangan,I1 Karangan - Set 4,31,melebihi,"to exceed, to surpass"
I1 Karangan,I1 Karangan - Set 4,32,melewati,"to pass by, to pass through (transitive)"
I1 Karangan,I1 Karangan - Set 4,33,memperbaiki,to repair; to improve
I1 Karangan,I1 Karangan - Set 4,34,memperluas,to expand/widen
I1 Karangan,I1 Karangan - Set 4,35,menaati,to adhere to
I1 Karangan,I1 Karangan - Set 4,36,menaikkan,"to raise, to increase (transitive)"
I1 Karangan,I1 Karangan - Set 4,37,menambah,to increase the number or amount of
I1 Karangan,I1 Karangan - Set 4,38,menarik,"interesting, attractive; to pull"
I1 Karangan,I1 Karangan - Set 4,39,mencari,"to look for, to search, to seek"
I1 Karangan,I1 Karangan - Set 4,40,mencukupi,"to suffice, to meet the needs of"
I1 Karangan,I1 Karangan - Set 4,41,menduduki,to sit on; to occupy a position or territory
I1 Karangan,I1 Karangan - Set 4,42,menekan,"to press, to suppress"
I1 Karangan,I1 Karangan - Set 4,43,menengah,middle (class/level)
I1 Karangan,I1 Karangan - Set 4,44,menerapkan,to apply/implement
I1 Karangan,I1 Karangan - Set 4,45,mengajukan,"to submit/propose (idea, etc.)"
I1 Karangan,I1 Karangan - Set 4,46,"mengakibatkan, menyebabkan","to result in, to cause"
I1 Karangan,I1 Karangan - Set 4,47,mengatasi,to overcome
I1 Karangan,I1 Karangan - Set 4,48,menghambat,to hinder
I1 Karangan,I1 Karangan - Set 4,49,menghemat,"to save (money, gas, energy, etc)"
I1 Karangan,I1 Karangan - Set 4,50,mengimbangi,to balance something
I1 Karangan,I1 Karangan - Set 4,51,menginvestasikan,to invest something
I1 Karangan,I1 Karangan - Set 4,52,menguntungkan,to profit someone else; profitable
I1 Karangan,I1 Karangan - Set 4,53,mengurangi,"to reduce, to decrease (transitive)"
I1 Karangan,I1 Karangan - Set 4,54,mengurungkan,"to abandon, to cancel, to cause to fail"
I1 Karangan,I1 Karangan - Set 4,55,meningkatkan,"to increase, to improve (transitive)"
I1 Karangan,I1 Karangan - Set 4,56,menyatakan,"to state, to declare"
I1 Karangan,I1 Karangan - Set 4,57,menyebutkan,to mention
I1 Karangan,I1 Karangan - Set 4,58,mewajibkan,to oblige; to require
I1 Karangan,I1 Karangan - Set 4,59,"mirip, serupa","similar, alike"
I1 Karangan,I1 Karangan - Set 4,60,niat,intention
I1 Karangan,I1 Karangan - Set 4,61,otoritas,authority
I1 Karangan,I1 Karangan - Set 4,62,padat,dense; solid
I1 Karangan,I1 Karangan - Set 4,63,pajak,tax
I1 Karangan,I1 Karangan - Set 4,64,patuh,obedient
I1 Karangan,I1 Karangan - Set 4,65,"pengemudi, pengendara",driver
I1 Karangan,I1 Karangan - Set 4,66,penurunan,"drop, a decrease"
I1 Karangan,I1 Karangan - Set 4,67,peraturan,regulation
I1 Karangan,I1 Karangan - Set 4,68,peringkat,"rank, ranking"
I1 Karangan,I1 Karangan - Set 4,69,perizinan,"licensing matters, permission issue"
I1 Karangan,I1 Karangan - Set 4,70,permohonan,"application, appeal, request"
I1 Karangan,I1 Karangan - Set 4,71,persentase,percentage
I1 Karangan,I1 Karangan - Set 4,72,persimpangan,"intersection, crossroad"
I1 Karangan,I1 Karangan - Set 4,73,pertumbuhan,growth
I1 Karangan,I1 Karangan - Set 4,74,perusahaan,"company, enterprise"
I1 Karangan,I1 Karangan - Set 4,75,"pinggir, tepi","edge, side"
I1 Karangan,I1 Karangan - Set 4,76,pribadi,personal
I1 Karangan,I1 Karangan - Set 4,77,rawan,prone to
I1 Karangan,I1 Karangan - Set 4,78,rencana,plan
I1 Karangan,I1 Karangan - Set 4,79,rendah,low
I1 Karangan,I1 Karangan - Set 4,80,sebanyak,as much/many as; in the amount of
I1 Karangan,I1 Karangan - Set 4,81,sebesar,as big as; in the amount of
I1 Karangan,I1 Karangan - Set 4,82,sembarang,"arbitrary, careless, just any-"
I1 Karangan,I1 Karangan - Set 4,83,sengaja,on purpose
I1 Karangan,I1 Karangan - Set 4,84,serangkaian,a series of
I1 Karangan,I1 Karangan - Set 4,85,sewaan,a rental
I1 Karangan,I1 Karangan - Set 4,86,tanah,"land, soil, ground"
I1 Karangan,I1 Karangan - Set 4,87,tarif,rate; fare
I1 Karangan,I1 Karangan - Set 4,88,tenaga,"power, energy"
I1 Karangan,I1 Karangan - Set 4,89,terbukti,is proven
I1 Karangan,I1 Karangan - Set 4,90,terganggu,"is disturbed, is disrupted"
I1 Karangan,I1 Karangan - Set 4,91,terhenti,is stop/stalled
I1 Karangan,I1 Karangan - Set 4,92,terhindar,is avoided
I1 Karangan,I1 Karangan - Set 4,93,terlebih lagi,moreover
I1 Karangan,I1 Karangan - Set 4,94,terlepas,apart (regardless)
I1 Karangan,I1 Karangan - Set 4,95,tersendat,slow moving
I1 Karangan,I1 Karangan - Set 4,96,tertarik,interested
I1 Karangan,I1 Karangan - Set 4,97,tindakan,action; measure
I1 Karangan,I1 Karangan - Set 4,98,titik,"point, dot"
I1 Karangan,I1 Karangan - Set 4,99,ukuran,"size, measurement"
I1 Karangan,I1 Karangan - Set 4,100,wilayah,region
I1 Karangan,I1 Karangan - Set 5,1,peringatan,warning
I1 Karangan,I1 Karangan - Set 5,2,bahaya,"danger, hazard"
I1 Karangan,I1 Karangan - Set 5,3,kesehatan,health
I1 Karangan,I1 Karangan - Set 5,4,diserukan,to be proclaimed
I1 Karangan,I1 Karangan - Set 5,5,menghisap,to inhale
I1 Karangan,I1 Karangan - Set 5,6,efek samping,side effect
I1 Karangan,I1 Karangan - Set 5,7,kemasan,packaging
I1 Karangan,I1 Karangan - Set 5,8,asing,foreign
I1 Karangan,I1 Karangan - Set 5,9,mengerikan,terrifying
I1 Karangan,I1 Karangan - Set 5,10,tertempel,is pasted
I1 Karangan,I1 Karangan - Set 5,11,keras,hard
I1 Karangan,I1 Karangan - Set 5,12,terutama,especially
I1 Karangan,I1 Karangan - Set 5,13,kalangan,"circle, group"
I1 Karangan,I1 Karangan - Set 5,14,pengetahuan,knowledge
I1 Karangan,I1 Karangan - Set 5,15,mengkampanyekan,to campaign
I1 Karangan,I1 Karangan - Set 5,16,kesadaran,awareness
I1 Karangan,I1 Karangan - Set 5,17,terkandung,is contained
I1 Karangan,I1 Karangan - Set 5,18,kimia,"chemical, chemistry"
I1 Karangan,I1 Karangan - Set 5,19,berbahaya,dangerous
I1 Karangan,I1 Karangan - Set 5,20,zat,substance
I1 Karangan,I1 Karangan - Set 5,21,kanker,cancer
I1 Karangan,I1 Karangan - Set 5,22,beracun,"poisonous, toxic"
I1 Karangan,I1 Karangan - Set 5,23,perokok,smoker
I1 Karangan,I1 Karangan - Set 5,24,asap,smoke
I1 Karangan,I1 Karangan - Set 5,25,pasif,passive
I1 Karangan,I1 Karangan - Set 5,26,pengertian,understanding
I1 Karangan,I1 Karangan - Set 5,27,sesungguhnya,"actually, in truth"
I1 Karangan,I1 Karangan - Set 5,28,lumrah,"commonplace, ordinary, normal"
I1 Karangan,I1 Karangan - Set 5,29,mulut,mouth
I1 Karangan,I1 Karangan - Set 5,30,"seakan, seakan-akan, seolah, seolah-olah",as if
I1 Karangan,I1 Karangan - Set 5,31,kecut,bitter
I1 Karangan,I1 Karangan - Set 5,32,enak,delicious
I1 Karangan,I1 Karangan - Set 5,33,sifat,"characteristic, trait"
I1 Karangan,I1 Karangan - Set 5,34,racun,"poison, toxin"
I1 Karangan,I1 Karangan - Set 5,35,sebatang,a bar of
I1 Karangan,I1 Karangan - Set 5,36,menghabiskan,"to spend, to use up"
I1 Karangan,I1 Karangan - Set 5,37,bungkus,pack
I1 Karangan,I1 Karangan - Set 5,38,dihisap,to be inhaled
I1 Karangan,I1 Karangan - Set 5,39,terakumulasi,is accumulated
I1 Karangan,I1 Karangan - Set 5,40,bertahun-tahun,many years
I1 Karangan,I1 Karangan - Set 5,41,penyakit,disease
I1 Karangan,I1 Karangan - Set 5,42,berkaitan,related
I1 Karangan,I1 Karangan - Set 5,43,paru-paru,lungs
I1 Karangan,I1 Karangan - Set 5,44,merusak,to damage
I1 Karangan,I1 Karangan - Set 5,45,"tubuh, badan",body
I1 Karangan,I1 Karangan - Set 5,46,terhirup,is inhaled
I1 Karangan,I1 Karangan - Set 5,47,mengalami,to experience something
I1 Karangan,I1 Karangan - Set 5,48,radang,inflammation
I1 Karangan,I1 Karangan - Set 5,49,belum lagi,not to mention
I1 Karangan,I1 Karangan - Set 5,50,kerusakan,damage
I1 Karangan,I1 Karangan - Set 5,51,sel,cell
I1 Karangan,I1 Karangan - Set 5,52,berisiko,risky
I1 Karangan,I1 Karangan - Set 5,53,kematian,"death, mortality"
I1 Karangan,I1 Karangan - Set 5,54,sebaiknya,it would be better if
I1 Karangan,I1 Karangan - Set 5,55,lebih baik,it is better to
I1 Karangan,I1 Karangan - Set 5,56,mencegah,to prevent
I1 Karangan,I1 Karangan - Set 5,57,mengobati,"to cure, to treat with medicine"
I1 Karangan,I1 Karangan - Set 5,58,dengan demikian,"with that, in this way"
I1 Karangan,I1 Karangan - Set 5,59,dialami,to be experienced
I1 Karangan,I1 Karangan - Set 5,60,kandungan,content; womb
I1 Karangan,I1 Karangan - Set 5,61,bahan,material; ingredients
I1 Karangan,I1 Karangan - Set 5,62,mengurangi,to reduce something
I1 Karangan,I1 Karangan - Set 5,63,kesuburan,fertility
I1 Karangan,I1 Karangan - Set 5,64,perempuan,female
I1 Karangan,I1 Karangan - Set 5,65,laki-laki,male
I1 Karangan,I1 Karangan - Set 5,66,wanita,woman
I1 Karangan,I1 Karangan - Set 5,67,pria,man
I1 Karangan,I1 Karangan - Set 5,68,lambung,gastric
I1 Karangan,I1 Karangan - Set 5,69,sepele,"trivial, unimportant"
I1 Karangan,I1 Karangan - Set 5,70,tenggorokan,throat
I1 Karangan,I1 Karangan - Set 5,71,semakin,"more and more, increasingly"
I1 Karangan,I1 Karangan - Set 5,72,otot,muscle
I1 Karangan,I1 Karangan - Set 5,73,saluran pernafasan,respiratory tract
I1 Karangan,I1 Karangan - Set 5,74,saluran pencernaan,digestive tract
I1 Karangan,I1 Karangan - Set 5,75,asam,acid; sour
I1 Karangan,I1 Karangan - Set 5,76,dibiarkan,"to be allowed to, to be left"
I1 Karangan,I1 Karangan - Set 5,77,terus menerus,continuously
I1 Karangan,I1 Karangan - Set 5,78,bisa saja,it could just be that
I1 Karangan,I1 Karangan - Set 5,79,menderita,"to suffer, to suffer from something"
I1 Karangan,I1 Karangan - Set 5,80,serangan,"attack, raid"
I1 Karangan,I1 Karangan - Set 5,81,melemah,to become weaker
I1 Karangan,I1 Karangan - Set 5,82,pembuluh darah,blood vessel
I1 Karangan,I1 Karangan - Set 5,83,pelemahan,the process of becoming weaker
I1 Karangan,I1 Karangan - Set 5,84,terhambat,"is obstructed, is hampered, is hindered"
I1 Karangan,I1 Karangan - Set 5,85,otak,brain
I1 Karangan,I1 Karangan - Set 5,86,bersumber,to have the source
I1 Karangan,I1 Karangan - Set 5,87,hampir,almost
I1 Karangan,I1 Karangan - Set 5,88,mengingat,considering; to remember something
I1 Karangan,I1 Karangan - Set 5,89,mengintai,to lurk
I1 Karangan,I1 Karangan - Set 5,90,kapan saja,"anytime, whenever"
I1 Karangan,I1 Karangan - Set 5,91,sejak,since
I1 Karangan,I1 Karangan - Set 5,92,saat ini,"at this moment, currently, at this time"
I1 Karangan,I1 Karangan - Set 5,93,bulat,"circle, round"
I1 Karangan,I1 Karangan - Set 5,94,tekad,"determination, resolve, will"
I1 Karangan,I1 Karangan - Set 5,95,korban,victim
I1 Karangan,I1 Karangan - Set 5,96,meninggal,"to die, to pass away (for human)"
I1 Karangan,I1 Karangan - Set 5,97,salah satu,one of
I1 Karangan,I1 Karangan - Set 5,98,ragu,"doubtful, hesitant"
I1 Karangan,I1 Karangan - Set 5,99,pecandu,an addict
I1 Karangan,I1 Karangan - Set 5,100,sembuh,"to recover, to heal"
I1 Karangan,I1 Karangan - Set 5,101,perjuangan,"struggle, fight"
I1 Karangan,I1 Karangan - Set 5,102,berat,heavy
I1 Karangan,I1 Karangan - Set 5,103,apalagi,let alone
I1 Karangan,I1 Karangan - Set 5,104,mengajak,"to invite, to ask"
I1 Karangan,I1 Karangan - Set 5,105,kampanye,campaign
